coordinate,x,y,overall
0,0,0.4930625,0.2420327806122449
0.001,0,0.4930625,0.2420327806122449
0.002,0,0.4930625,0.2420327806122449
0.003,0,0.4930625,0.2420327806122449
0.004,0,0.4930625,0.2420327806122449
0.005,0,0.4930625,0.2420327806122449
0.006,0,0.4930625,0.2420327806122449
0.007,0,0.4930625,0.2420327806122449
0.008,0,0.4930625,0.2420327806122449
0.009,0,0.4930625,0.2420327806122449
0.01,0,0.4930625,0.2420327806122449
0.011,0,0.4930625,0.2420327806122449
0.012,0,0.4930625,0.2420327806122449
0.013,0,0.4930625,0.2420327806122449
0.014,0,0.4930625,0.2420327806122449
0.015,0,0.05227678571428571,0.2420327806122449
0.016,0,0.05227678571428571,0.2420327806122449
0.017,0,0.05227678571428571,0.2420327806122449
0.018,0,0.05227678571428571,0.2420327806122449
0.019,0,0.05227678571428571,0.2420327806122449
0.02,0,0.05227678571428571,0.2420327806122449
0.021,0,0.05227678571428571,0.2420327806122449
0.022,0,0.05227678571428571,0.2420327806122449
0.023,0,0.05227678571428571,0.2420327806122449
0.024,0,0.05227678571428571,0.2420327806122449
0.025,0,0.05227678571428571,0.2420327806122449
0.026,0,0.05227678571428571,0.2420327806122449
0.027,0,0.05227678571428571,0.2420327806122449
0.028,0,0.05227678571428571,0.2420327806122449
0.029,0,0.09911607142857143,0.2420327806122449
0.03,0,0.09911607142857143,0.2420327806122449
0.031,0,0.09911607142857143,0.2420327806122449
0.032,0,0.09911607142857143,0.2420327806122449
0.033,0,0.09911607142857143,0.2420327806122449
0.034,0,0.09911607142857143,0.2420327806122449
0.035,0,0.09911607142857143,0.2420327806122449
0.036,0.014557142857142857,0.09911607142857143,0.2420327806122449
0.037,0.014557142857142857,0.09911607142857143,0.2420327806122449
0.038,0.014557142857142857,0.09911607142857143,0.2420327806122449
0.039,0.014557142857142857,0.09911607142857143,0.2420327806122449
0.04,0.014557142857142857,0.09911607142857143,0.2420327806122449
0.041,0.014557142857142857,0.09911607142857143,0.2420327806122449
0.042,0.014557142857142857,0.09911607142857143,0.2420327806122449
0.043,0.014557142857142857,0.14355357142857142,0.2420327806122449
0.044,0.014557142857142857,0.14355357142857142,0.2420327806122449
0.045,0.014557142857142857,0.14355357142857142,0.2420327806122449
0.046,0.014557142857142857,0.14355357142857142,0.2420327806122449
0.047,0.014557142857142857,0.14355357142857142,0.2420327806122449
0.048,0.014557142857142857,0.14355357142857142,0.2420327806122449
0.049,0.014557142857142857,0.14355357142857142,0.2420327806122449
0.05,0.014557142857142857,0.14355357142857142,0.2420327806122449
0.051,0.014557142857142857,0.14355357142857142,0.2420327806122449
0.052,0.014557142857142857,0.14355357142857142,0.2420327806122449
0.053,0.014557142857142857,0.14355357142857142,0.2420327806122449
0.054,0.05114285714285714,0.14355357142857142,0.2420327806122449
0.055,0.05114285714285714,0.14355357142857142,0.2420327806122449
0.056,0.05114285714285714,0.14355357142857142,0.2420327806122449
0.057,0.05114285714285714,0.14355357142857142,0.2420327806122449
0.058,0.05114285714285714,0.17658928571428573,0.2420327806122449
0.059,0.05114285714285714,0.17658928571428573,0.2420327806122449
0.06,0.05114285714285714,0.17658928571428573,0.2420327806122449
0.061,0.05114285714285714,0.17658928571428573,0.2420327806122449
0.062,0.05114285714285714,0.17658928571428573,0.2420327806122449
0.063,0.05114285714285714,0.17658928571428573,0.2420327806122449
0.064,0.05114285714285714,0.17658928571428573,0.2420327806122449
0.065,0.05114285714285714,0.17658928571428573,0.2420327806122449
0.066,0.05114285714285714,0.17658928571428573,0.2420327806122449
0.067,0.05114285714285714,0.17658928571428573,0.2420327806122449
0.068,0.05114285714285714,0.17658928571428573,0.2420327806122449
0.069,0.05114285714285714,0.17658928571428573,0.2420327806122449
0.07,0.05114285714285714,0.17658928571428573,0.2420327806122449
0.071,0.05114285714285714,0.17658928571428573,0.2420327806122449
0.072,0.11811428571428571,0.20166964285714287,0.2420327806122449
0.073,0.11811428571428571,0.20166964285714287,0.2420327806122449
0.074,0.11811428571428571,0.20166964285714287,0.2420327806122449
0.075,0.11811428571428571,0.20166964285714287,0.2420327806122449
0.076,0.11811428571428571,0.20166964285714287,0.2420327806122449
0.077,0.11811428571428571,0.20166964285714287,0.2420327806122449
0.078,0.11811428571428571,0.20166964285714287,0.2420327806122449
0.079,0.11811428571428571,0.20166964285714287,0.2420327806122449
0.08,0.11811428571428571,0.20166964285714287,0.2420327806122449
0.081,0.11811428571428571,0.20166964285714287,0.2420327806122449
0.082,0.11811428571428571,0.20166964285714287,0.2420327806122449
0.083,0.11811428571428571,0.20166964285714287,0.2420327806122449
0.084,0.11811428571428571,0.20166964285714287,0.2420327806122449
0.085,0.11811428571428571,0.20166964285714287,0.2420327806122449
0.086,0.11811428571428571,0.22026785714285715,0.2420327806122449
0.087,0.11811428571428571,0.22026785714285715,0.2420327806122449
0.088,0.11811428571428571,0.22026785714285715,0.2420327806122449
0.089,0.11811428571428571,0.22026785714285715,0.2420327806122449
0.09,0.15665,0.22026785714285715,0.2420327806122449
0.091,0.15665,0.22026785714285715,0.2420327806122449
0.092,0.15665,0.22026785714285715,0.2420327806122449
0.093,0.15665,0.22026785714285715,0.2420327806122449
0.094,0.15665,0.22026785714285715,0.2420327806122449
0.095,0.15665,0.22026785714285715,0.2420327806122449
0.096,0.15665,0.22026785714285715,0.2420327806122449
0.097,0.15665,0.22026785714285715,0.2420327806122449
0.098,0.15665,0.22026785714285715,0.2420327806122449
0.099,0.15665,0.22026785714285715,0.2420327806122449
0.1,0.15665,0.2314732142857143,0.2420327806122449
0.101,0.15665,0.2314732142857143,0.2420327806122449
0.102,0.15665,0.2314732142857143,0.2420327806122449
0.103,0.15665,0.2314732142857143,0.2420327806122449
0.104,0.15665,0.2314732142857143,0.2420327806122449
0.105,0.15665,0.2314732142857143,0.2420327806122449
0.106,0.15665,0.2314732142857143,0.2420327806122449
0.107,0.15665,0.2314732142857143,0.2420327806122449
0.108,0.22101428571428572,0.2314732142857143,0.2420327806122449
0.109,0.22101428571428572,0.2314732142857143,0.2420327806122449
0.11,0.22101428571428572,0.2314732142857143,0.2420327806122449
0.111,0.22101428571428572,0.2314732142857143,0.2420327806122449
0.112,0.22101428571428572,0.2314732142857143,0.2420327806122449
0.113,0.22101428571428572,0.2314732142857143,0.2420327806122449
0.114,0.22101428571428572,0.2314732142857143,0.2420327806122449
0.115,0.22101428571428572,0.2412767857142857,0.2420327806122449
0.116,0.22101428571428572,0.2412767857142857,0.2420327806122449
0.117,0.22101428571428572,0.2412767857142857,0.2420327806122449
0.118,0.22101428571428572,0.2412767857142857,0.2420327806122449
0.119,0.22101428571428572,0.2412767857142857,0.2420327806122449
0.12,0.22101428571428572,0.2412767857142857,0.2420327806122449
0.121,0.22101428571428572,0.2412767857142857,0.2420327806122449
0.122,0.22101428571428572,0.2412767857142857,0.2420327806122449
0.123,0.22101428571428572,0.2412767857142857,0.2420327806122449
0.124,0.22101428571428572,0.2412767857142857,0.2420327806122449
0.125,0.2529214285714286,0.2412767857142857,0.2420327806122449
0.126,0.2529214285714286,0.2412767857142857,0.2420327806122449
0.127,0.2529214285714286,0.2412767857142857,0.2420327806122449
0.128,0.2529214285714286,0.2412767857142857,0.2420327806122449
0.129,0.2529214285714286,0.24765178571428573,0.2420327806122449
0.13,0.2529214285714286,0.24765178571428573,0.2420327806122449
0.131,0.2529214285714286,0.24765178571428573,0.2420327806122449
0.132,0.2529214285714286,0.24765178571428573,0.2420327806122449
0.133,0.2529214285714286,0.24765178571428573,0.2420327806122449
0.134,0.2529214285714286,0.24765178571428573,0.2420327806122449
0.135,0.2529214285714286,0.24765178571428573,0.2420327806122449
0.136,0.2529214285714286,0.24765178571428573,0.2420327806122449
0.137,0.2529214285714286,0.24765178571428573,0.2420327806122449
0.138,0.2529214285714286,0.24765178571428573,0.2420327806122449
0.139,0.2529214285714286,0.24765178571428573,0.2420327806122449
0.14,0.2529214285714286,0.24765178571428573,0.2420327806122449
0.141,0.2529214285714286,0.24765178571428573,0.2420327806122449
0.142,0.2529214285714286,0.24765178571428573,0.2420327806122449
0.143,0.25995714285714283,0.2519375,0.2420327806122449
0.144,0.25995714285714283,0.2519375,0.2420327806122449
0.145,0.25995714285714283,0.2519375,0.2420327806122449
0.146,0.25995714285714283,0.2519375,0.2420327806122449
0.147,0.25995714285714283,0.2519375,0.2420327806122449
0.148,0.25995714285714283,0.2519375,0.2420327806122449
0.149,0.25995714285714283,0.2519375,0.2420327806122449
0.15,0.25995714285714283,0.2519375,0.2420327806122449
0.151,0.25995714285714283,0.2519375,0.2420327806122449
0.152,0.25995714285714283,0.2519375,0.2420327806122449
0.153,0.25995714285714283,0.2519375,0.2420327806122449
0.154,0.25995714285714283,0.2519375,0.2420327806122449
0.155,0.25995714285714283,0.2519375,0.2420327806122449
0.156,0.25995714285714283,0.2519375,0.2420327806122449
0.157,0.25995714285714283,0.2519375,0.2420327806122449
0.158,0.25995714285714283,0.2555089285714286,0.2420327806122449
0.159,0.25995714285714283,0.2555089285714286,0.2420327806122449
0.16,0.25995714285714283,0.2555089285714286,0.2420327806122449
0.161,0.30025714285714283,0.2555089285714286,0.2420327806122449
0.162,0.30025714285714283,0.2555089285714286,0.2420327806122449
0.163,0.30025714285714283,0.2555089285714286,0.2420327806122449
0.164,0.30025714285714283,0.2555089285714286,0.2420327806122449
0.165,0.30025714285714283,0.2555089285714286,0.2420327806122449
0.166,0.30025714285714283,0.2555089285714286,0.2420327806122449
0.167,0.30025714285714283,0.2555089285714286,0.2420327806122449
0.168,0.30025714285714283,0.2555089285714286,0.2420327806122449
0.169,0.30025714285714283,0.2555089285714286,0.2420327806122449
0.17,0.30025714285714283,0.2555089285714286,0.2420327806122449
0.171,0.30025714285714283,0.2555089285714286,0.2420327806122449
0.172,0.30025714285714283,0.2579642857142857,0.2420327806122449
0.173,0.30025714285714283,0.2579642857142857,0.2420327806122449
0.174,0.30025714285714283,0.2579642857142857,0.2420327806122449
0.175,0.30025714285714283,0.2579642857142857,0.2420327806122449
0.176,0.30025714285714283,0.2579642857142857,0.2420327806122449
0.177,0.30025714285714283,0.2579642857142857,0.2420327806122449
0.178,0.30025714285714283,0.2579642857142857,0.2420327806122449
0.179,0.30739285714285713,0.2579642857142857,0.2420327806122449
0.18,0.30739285714285713,0.2579642857142857,0.2420327806122449
0.181,0.30739285714285713,0.2579642857142857,0.2420327806122449
0.182,0.30739285714285713,0.2579642857142857,0.2420327806122449
0.183,0.30739285714285713,0.2579642857142857,0.2420327806122449
0.184,0.30739285714285713,0.2579642857142857,0.2420327806122449
0.185,0.30739285714285713,0.2579642857142857,0.2420327806122449
0.186,0.30739285714285713,0.26058035714285716,0.2420327806122449
0.187,0.30739285714285713,0.26058035714285716,0.2420327806122449
0.188,0.30739285714285713,0.26058035714285716,0.2420327806122449
0.189,0.30739285714285713,0.26058035714285716,0.2420327806122449
0.19,0.30739285714285713,0.26058035714285716,0.2420327806122449
0.191,0.30739285714285713,0.26058035714285716,0.2420327806122449
0.192,0.30739285714285713,0.26058035714285716,0.2420327806122449
0.193,0.30739285714285713,0.26058035714285716,0.2420327806122449
0.194,0.30739285714285713,0.26058035714285716,0.2420327806122449
0.195,0.30739285714285713,0.26058035714285716,0.2420327806122449
0.196,0.30739285714285713,0.26058035714285716,0.2420327806122449
0.197,0.2842642857142857,0.26058035714285716,0.2420327806122449
0.198,0.2842642857142857,0.26058035714285716,0.2420327806122449
0.199,0.2842642857142857,0.26058035714285716,0.2420327806122449
0.2,0.2842642857142857,0.2607767857142857,0.2420327806122449
0.201,0.2842642857142857,0.2607767857142857,0.2420327806122449
0.202,0.2842642857142857,0.2607767857142857,0.2420327806122449
0.203,0.2842642857142857,0.2607767857142857,0.2420327806122449
0.204,0.2842642857142857,0.2607767857142857,0.2420327806122449
0.205,0.2842642857142857,0.2607767857142857,0.2420327806122449
0.206,0.2842642857142857,0.2607767857142857,0.2420327806122449
0.207,0.2842642857142857,0.2607767857142857,0.2420327806122449
0.208,0.2842642857142857,0.2607767857142857,0.2420327806122449
0.209,0.2842642857142857,0.2607767857142857,0.2420327806122449
0.21,0.2842642857142857,0.2607767857142857,0.2420327806122449
0.211,0.2842642857142857,0.2607767857142857,0.2420327806122449
0.212,0.2842642857142857,0.2607767857142857,0.2420327806122449
0.213,0.2842642857142857,0.2607767857142857,0.2420327806122449
0.214,0.2842642857142857,0.2607767857142857,0.2420327806122449
0.215,0.3023857142857143,0.2603035714285714,0.2420327806122449
0.216,0.3023857142857143,0.2603035714285714,0.2420327806122449
0.217,0.3023857142857143,0.2603035714285714,0.2420327806122449
0.218,0.3023857142857143,0.2603035714285714,0.2420327806122449
0.219,0.3023857142857143,0.2603035714285714,0.2420327806122449
0.22,0.3023857142857143,0.2603035714285714,0.2420327806122449
0.221,0.3023857142857143,0.2603035714285714,0.2420327806122449
0.222,0.3023857142857143,0.2603035714285714,0.2420327806122449
0.223,0.3023857142857143,0.2603035714285714,0.2420327806122449
0.224,0.3023857142857143,0.2603035714285714,0.2420327806122449
0.225,0.3023857142857143,0.2603035714285714,0.2420327806122449
0.226,0.3023857142857143,0.2603035714285714,0.2420327806122449
0.227,0.3023857142857143,0.2603035714285714,0.2420327806122449
0.228,0.3023857142857143,0.2603035714285714,0.2420327806122449
0.229,0.3023857142857143,0.2580357142857143,0.2420327806122449
0.23,0.3023857142857143,0.2580357142857143,0.2420327806122449
0.231,0.3023857142857143,0.2580357142857143,0.2420327806122449
0.232,0.3023857142857143,0.2580357142857143,0.2420327806122449
0.233,0.3004428571428571,0.2580357142857143,0.2420327806122449
0.234,0.3004428571428571,0.2580357142857143,0.2420327806122449
0.235,0.3004428571428571,0.2580357142857143,0.2420327806122449
0.236,0.3004428571428571,0.2580357142857143,0.2420327806122449
0.237,0.3004428571428571,0.2580357142857143,0.2420327806122449
0.238,0.3004428571428571,0.2580357142857143,0.2420327806122449
0.239,0.3004428571428571,0.2580357142857143,0.2420327806122449
0.24,0.3004428571428571,0.2580357142857143,0.2420327806122449
0.241,0.3004428571428571,0.2580357142857143,0.2420327806122449
0.242,0.3004428571428571,0.2580357142857143,0.2420327806122449
0.243,0.3004428571428571,0.2569910714285714,0.2420327806122449
0.244,0.3004428571428571,0.2569910714285714,0.2420327806122449
0.245,0.3004428571428571,0.2569910714285714,0.2420327806122449
0.246,0.3004428571428571,0.2569910714285714,0.2420327806122449
0.247,0.3004428571428571,0.2569910714285714,0.2420327806122449
0.248,0.3004428571428571,0.2569910714285714,0.2420327806122449
0.249,0.3004428571428571,0.2569910714285714,0.2420327806122449
0.25,0.2893357142857143,0.2569910714285714,0.2420327806122449
0.251,0.2893357142857143,0.2569910714285714,0.2420327806122449
0.252,0.2893357142857143,0.2569910714285714,0.2420327806122449
0.253,0.2893357142857143,0.2569910714285714,0.2420327806122449
0.254,0.2893357142857143,0.2569910714285714,0.2420327806122449
0.255,0.2893357142857143,0.2569910714285714,0.2420327806122449
0.256,0.2893357142857143,0.2569910714285714,0.2420327806122449
0.257,0.2893357142857143,0.2569910714285714,0.2420327806122449
0.258,0.2893357142857143,0.25507142857142856,0.2420327806122449
0.259,0.2893357142857143,0.25507142857142856,0.2420327806122449
0.26,0.2893357142857143,0.25507142857142856,0.2420327806122449
0.261,0.2893357142857143,0.25507142857142856,0.2420327806122449
0.262,0.2893357142857143,0.25507142857142856,0.2420327806122449
0.263,0.2893357142857143,0.25507142857142856,0.2420327806122449
0.264,0.2893357142857143,0.25507142857142856,0.2420327806122449
0.265,0.2893357142857143,0.25507142857142856,0.2420327806122449
0.266,0.2893357142857143,0.25507142857142856,0.2420327806122449
0.267,0.2893357142857143,0.25507142857142856,0.2420327806122449
0.268,0.28740714285714286,0.25507142857142856,0.2420327806122449
0.269,0.28740714285714286,0.25507142857142856,0.2420327806122449
0.27,0.28740714285714286,0.25507142857142856,0.2420327806122449
0.271,0.28740714285714286,0.25507142857142856,0.2420327806122449
0.272,0.28740714285714286,0.25555357142857144,0.2420327806122449
0.273,0.28740714285714286,0.25555357142857144,0.2420327806122449
0.274,0.28740714285714286,0.25555357142857144,0.2420327806122449
0.275,0.28740714285714286,0.25555357142857144,0.2420327806122449
0.276,0.28740714285714286,0.25555357142857144,0.2420327806122449
0.277,0.28740714285714286,0.25555357142857144,0.2420327806122449
0.278,0.28740714285714286,0.25555357142857144,0.2420327806122449
0.279,0.28740714285714286,0.25555357142857144,0.2420327806122449
0.28,0.28740714285714286,0.25555357142857144,0.2420327806122449
0.281,0.28740714285714286,0.25555357142857144,0.2420327806122449
0.282,0.28740714285714286,0.25555357142857144,0.2420327806122449
0.283,0.28740714285714286,0.25555357142857144,0.2420327806122449
0.284,0.28740714285714286,0.25555357142857144,0.2420327806122449
0.285,0.28740714285714286,0.25555357142857144,0.2420327806122449
0.286,0.3139571428571429,0.25491071428571427,0.2420327806122449
0.287,0.3139571428571429,0.25491071428571427,0.2420327806122449
0.288,0.3139571428571429,0.25491071428571427,0.2420327806122449
0.289,0.3139571428571429,0.25491071428571427,0.2420327806122449
0.29,0.3139571428571429,0.25491071428571427,0.2420327806122449
0.291,0.3139571428571429,0.25491071428571427,0.2420327806122449
0.292,0.3139571428571429,0.25491071428571427,0.2420327806122449
0.293,0.3139571428571429,0.25491071428571427,0.2420327806122449
0.294,0.3139571428571429,0.25491071428571427,0.2420327806122449
0.295,0.3139571428571429,0.25491071428571427,0.2420327806122449
0.296,0.3139571428571429,0.25491071428571427,0.2420327806122449
0.297,0.3139571428571429,0.25491071428571427,0.2420327806122449
0.298,0.3139571428571429,0.25491071428571427,0.2420327806122449
0.299,0.3139571428571429,0.25491071428571427,0.2420327806122449
0.3,0.3139571428571429,0.25475892857142857,0.2420327806122449
0.301,0.3139571428571429,0.25475892857142857,0.2420327806122449
0.302,0.3139571428571429,0.25475892857142857,0.2420327806122449
0.303,0.3139571428571429,0.25475892857142857,0.2420327806122449
0.304,0.3153214285714286,0.25475892857142857,0.2420327806122449
0.305,0.3153214285714286,0.25475892857142857,0.2420327806122449
0.306,0.3153214285714286,0.25475892857142857,0.2420327806122449
0.307,0.3153214285714286,0.25475892857142857,0.2420327806122449
0.308,0.3153214285714286,0.25475892857142857,0.2420327806122449
0.309,0.3153214285714286,0.25475892857142857,0.2420327806122449
0.31,0.3153214285714286,0.25475892857142857,0.2420327806122449
0.311,0.3153214285714286,0.25475892857142857,0.2420327806122449
0.312,0.3153214285714286,0.25475892857142857,0.2420327806122449
0.313,0.3153214285714286,0.25475892857142857,0.2420327806122449
0.314,0.3153214285714286,0.25475892857142857,0.2420327806122449
0.315,0.3153214285714286,0.25422321428571426,0.2420327806122449
0.316,0.3153214285714286,0.25422321428571426,0.2420327806122449
0.317,0.3153214285714286,0.25422321428571426,0.2420327806122449
0.318,0.3153214285714286,0.25422321428571426,0.2420327806122449
0.319,0.3153214285714286,0.25422321428571426,0.2420327806122449
0.32,0.3153214285714286,0.25422321428571426,0.2420327806122449
0.321,0.3153214285714286,0.25422321428571426,0.2420327806122449
0.322,0.3155142857142857,0.25422321428571426,0.2420327806122449
0.323,0.3155142857142857,0.25422321428571426,0.2420327806122449
0.324,0.3155142857142857,0.25422321428571426,0.2420327806122449
0.325,0.3155142857142857,0.25422321428571426,0.2420327806122449
0.326,0.3155142857142857,0.25422321428571426,0.2420327806122449
0.327,0.3155142857142857,0.25422321428571426,0.2420327806122449
0.328,0.3155142857142857,0.25422321428571426,0.2420327806122449
0.329,0.3155142857142857,0.25391071428571427,0.2420327806122449
0.33,0.3155142857142857,0.25391071428571427,0.2420327806122449
0.331,0.3155142857142857,0.25391071428571427,0.2420327806122449
0.332,0.3155142857142857,0.25391071428571427,0.2420327806122449
0.333,0.3155142857142857,0.25391071428571427,0.2420327806122449
0.334,0.3155142857142857,0.25391071428571427,0.2420327806122449
0.335,0.3155142857142857,0.25391071428571427,0.2420327806122449
0.336,0.3155142857142857,0.25391071428571427,0.2420327806122449
0.337,0.3155142857142857,0.25391071428571427,0.2420327806122449
0.338,0.3155142857142857,0.25391071428571427,0.2420327806122449
0.339,0.3155142857142857,0.25391071428571427,0.2420327806122449
0.34,0.30227857142857145,0.25391071428571427,0.2420327806122449
0.341,0.30227857142857145,0.25391071428571427,0.2420327806122449
0.342,0.30227857142857145,0.25391071428571427,0.2420327806122449
0.343,0.30227857142857145,0.2528125,0.2420327806122449
0.344,0.30227857142857145,0.2528125,0.2420327806122449
0.345,0.30227857142857145,0.2528125,0.2420327806122449
0.346,0.30227857142857145,0.2528125,0.2420327806122449
0.347,0.30227857142857145,0.2528125,0.2420327806122449
0.348,0.30227857142857145,0.2528125,0.2420327806122449
0.349,0.30227857142857145,0.2528125,0.2420327806122449
0.35,0.30227857142857145,0.2528125,0.2420327806122449
0.351,0.30227857142857145,0.2528125,0.2420327806122449
0.352,0.30227857142857145,0.2528125,0.2420327806122449
0.353,0.30227857142857145,0.2528125,0.2420327806122449
0.354,0.30227857142857145,0.2528125,0.2420327806122449
0.355,0.30227857142857145,0.2528125,0.2420327806122449
0.356,0.30227857142857145,0.2528125,0.2420327806122449
0.357,0.30227857142857145,0.2528125,0.2420327806122449
0.358,0.3003214285714286,0.25426785714285716,0.2420327806122449
0.359,0.3003214285714286,0.25426785714285716,0.2420327806122449
0.36,0.3003214285714286,0.25426785714285716,0.2420327806122449
0.361,0.3003214285714286,0.25426785714285716,0.2420327806122449
0.362,0.3003214285714286,0.25426785714285716,0.2420327806122449
0.363,0.3003214285714286,0.25426785714285716,0.2420327806122449
0.364,0.3003214285714286,0.25426785714285716,0.2420327806122449
0.365,0.3003214285714286,0.25426785714285716,0.2420327806122449
0.366,0.3003214285714286,0.25426785714285716,0.2420327806122449
0.367,0.3003214285714286,0.25426785714285716,0.2420327806122449
0.368,0.3003214285714286,0.25426785714285716,0.2420327806122449
0.369,0.3003214285714286,0.25426785714285716,0.2420327806122449
0.37,0.3003214285714286,0.25426785714285716,0.2420327806122449
0.371,0.3003214285714286,0.25426785714285716,0.2420327806122449
0.372,0.3003214285714286,0.25626785714285716,0.2420327806122449
0.373,0.3003214285714286,0.25626785714285716,0.2420327806122449
0.374,0.3003214285714286,0.25626785714285716,0.2420327806122449
0.375,0.30179285714285714,0.25626785714285716,0.2420327806122449
0.376,0.30179285714285714,0.25626785714285716,0.2420327806122449
0.377,0.30179285714285714,0.25626785714285716,0.2420327806122449
0.378,0.30179285714285714,0.25626785714285716,0.2420327806122449
0.379,0.30179285714285714,0.25626785714285716,0.2420327806122449
0.38,0.30179285714285714,0.25626785714285716,0.2420327806122449
0.381,0.30179285714285714,0.25626785714285716,0.2420327806122449
0.382,0.30179285714285714,0.25626785714285716,0.2420327806122449
0.383,0.30179285714285714,0.25626785714285716,0.2420327806122449
0.384,0.30179285714285714,0.25626785714285716,0.2420327806122449
0.385,0.30179285714285714,0.25626785714285716,0.2420327806122449
0.386,0.30179285714285714,0.25723214285714285,0.2420327806122449
0.387,0.30179285714285714,0.25723214285714285,0.2420327806122449
0.388,0.30179285714285714,0.25723214285714285,0.2420327806122449
0.389,0.30179285714285714,0.25723214285714285,0.2420327806122449
0.39,0.30179285714285714,0.25723214285714285,0.2420327806122449
0.391,0.30179285714285714,0.25723214285714285,0.2420327806122449
0.392,0.30179285714285714,0.25723214285714285,0.2420327806122449
0.393,0.2999428571428571,0.25723214285714285,0.2420327806122449
0.394,0.2999428571428571,0.25723214285714285,0.2420327806122449
0.395,0.2999428571428571,0.25723214285714285,0.2420327806122449
0.396,0.2999428571428571,0.25723214285714285,0.2420327806122449
0.397,0.2999428571428571,0.25723214285714285,0.2420327806122449
0.398,0.2999428571428571,0.25723214285714285,0.2420327806122449
0.399,0.2999428571428571,0.25723214285714285,0.2420327806122449
0.4,0.2999428571428571,0.25558928571428574,0.2420327806122449
0.401,0.2999428571428571,0.25558928571428574,0.2420327806122449
0.402,0.2999428571428571,0.25558928571428574,0.2420327806122449
0.403,0.2999428571428571,0.25558928571428574,0.2420327806122449
0.404,0.2999428571428571,0.25558928571428574,0.2420327806122449
0.405,0.2999428571428571,0.25558928571428574,0.2420327806122449
0.406,0.2999428571428571,0.25558928571428574,0.2420327806122449
0.407,0.2999428571428571,0.25558928571428574,0.2420327806122449
0.408,0.2999428571428571,0.25558928571428574,0.2420327806122449
0.409,0.2999428571428571,0.25558928571428574,0.2420327806122449
0.41,0.2999428571428571,0.25558928571428574,0.2420327806122449
0.411,0.31392857142857145,0.25558928571428574,0.2420327806122449
0.412,0.31392857142857145,0.25558928571428574,0.2420327806122449
0.413,0.31392857142857145,0.25558928571428574,0.2420327806122449
0.414,0.31392857142857145,0.25558928571428574,0.2420327806122449
0.415,0.31392857142857145,0.2547142857142857,0.2420327806122449
0.416,0.31392857142857145,0.2547142857142857,0.2420327806122449
0.417,0.31392857142857145,0.2547142857142857,0.2420327806122449
0.418,0.31392857142857145,0.2547142857142857,0.2420327806122449
0.419,0.31392857142857145,0.2547142857142857,0.2420327806122449
0.42,0.31392857142857145,0.2547142857142857,0.2420327806122449
0.421,0.31392857142857145,0.2547142857142857,0.2420327806122449
0.422,0.31392857142857145,0.2547142857142857,0.2420327806122449
0.423,0.31392857142857145,0.2547142857142857,0.2420327806122449
0.424,0.31392857142857145,0.2547142857142857,0.2420327806122449
0.425,0.31392857142857145,0.2547142857142857,0.2420327806122449
0.426,0.31392857142857145,0.2547142857142857,0.2420327806122449
0.427,0.31392857142857145,0.2547142857142857,0.2420327806122449
0.428,0.31392857142857145,0.2547142857142857,0.2420327806122449
0.429,0.3153285714285714,0.2548214285714286,0.2420327806122449
0.43,0.3153285714285714,0.2548214285714286,0.2420327806122449
0.431,0.3153285714285714,0.2548214285714286,0.2420327806122449
0.432,0.3153285714285714,0.2548214285714286,0.2420327806122449
0.433,0.3153285714285714,0.2548214285714286,0.2420327806122449
0.434,0.3153285714285714,0.2548214285714286,0.2420327806122449
0.435,0.3153285714285714,0.2548214285714286,0.2420327806122449
0.436,0.3153285714285714,0.2548214285714286,0.2420327806122449
0.437,0.3153285714285714,0.2548214285714286,0.2420327806122449
0.438,0.3153285714285714,0.2548214285714286,0.2420327806122449
0.439,0.3153285714285714,0.2548214285714286,0.2420327806122449
0.44,0.3153285714285714,0.2548214285714286,0.2420327806122449
0.441,0.3153285714285714,0.2548214285714286,0.2420327806122449
0.442,0.3153285714285714,0.2548214285714286,0.2420327806122449
0.443,0.3153285714285714,0.25419642857142855,0.2420327806122449
0.444,0.3153285714285714,0.25419642857142855,0.2420327806122449
0.445,0.3153285714285714,0.25419642857142855,0.2420327806122449
0.446,0.3153285714285714,0.25419642857142855,0.2420327806122449
0.447,0.31417142857142855,0.25419642857142855,0.2420327806122449
0.448,0.31417142857142855,0.25419642857142855,0.2420327806122449
0.449,0.31417142857142855,0.25419642857142855,0.2420327806122449
0.45,0.31417142857142855,0.25419642857142855,0.2420327806122449
0.451,0.31417142857142855,0.25419642857142855,0.2420327806122449
0.452,0.31417142857142855,0.25419642857142855,0.2420327806122449
0.453,0.31417142857142855,0.25419642857142855,0.2420327806122449
0.454,0.31417142857142855,0.25419642857142855,0.2420327806122449
0.455,0.31417142857142855,0.25419642857142855,0.2420327806122449
0.456,0.31417142857142855,0.25419642857142855,0.2420327806122449
0.457,0.31417142857142855,0.25419642857142855,0.2420327806122449
0.458,0.31417142857142855,0.2546607142857143,0.2420327806122449
0.459,0.31417142857142855,0.2546607142857143,0.2420327806122449
0.46,0.31417142857142855,0.2546607142857143,0.2420327806122449
0.461,0.31417142857142855,0.2546607142857143,0.2420327806122449
0.462,0.31417142857142855,0.2546607142857143,0.2420327806122449
0.463,0.31417142857142855,0.2546607142857143,0.2420327806122449
0.464,0.31417142857142855,0.2546607142857143,0.2420327806122449
0.465,0.2869785714285714,0.2546607142857143,0.2420327806122449
0.466,0.2869785714285714,0.2546607142857143,0.2420327806122449
0.467,0.2869785714285714,0.2546607142857143,0.2420327806122449
0.468,0.2869785714285714,0.2546607142857143,0.2420327806122449
0.469,0.2869785714285714,0.2546607142857143,0.2420327806122449
0.47,0.2869785714285714,0.2546607142857143,0.2420327806122449
0.471,0.2869785714285714,0.2546607142857143,0.2420327806122449
0.472,0.2869785714285714,0.25475892857142857,0.2420327806122449
0.473,0.2869785714285714,0.25475892857142857,0.2420327806122449
0.474,0.2869785714285714,0.25475892857142857,0.2420327806122449
0.475,0.2869785714285714,0.25475892857142857,0.2420327806122449
0.476,0.2869785714285714,0.25475892857142857,0.2420327806122449
0.477,0.2869785714285714,0.25475892857142857,0.2420327806122449
0.478,0.2869785714285714,0.25475892857142857,0.2420327806122449
0.479,0.2869785714285714,0.25475892857142857,0.2420327806122449
0.48,0.2869785714285714,0.25475892857142857,0.2420327806122449
0.481,0.2869785714285714,0.25475892857142857,0.2420327806122449
0.482,0.2869785714285714,0.25475892857142857,0.2420327806122449
0.483,0.2894357142857143,0.25475892857142857,0.2420327806122449
0.484,0.2894357142857143,0.25475892857142857,0.2420327806122449
0.485,0.2894357142857143,0.25475892857142857,0.2420327806122449
0.486,0.2894357142857143,0.25372321428571426,0.2420327806122449
0.487,0.2894357142857143,0.25372321428571426,0.2420327806122449
0.488,0.2894357142857143,0.25372321428571426,0.2420327806122449
0.489,0.2894357142857143,0.25372321428571426,0.2420327806122449
0.49,0.2894357142857143,0.25372321428571426,0.2420327806122449
0.491,0.2894357142857143,0.25372321428571426,0.2420327806122449
0.492,0.2894357142857143,0.25372321428571426,0.2420327806122449
0.493,0.2894357142857143,0.25372321428571426,0.2420327806122449
0.494,0.2894357142857143,0.25372321428571426,0.2420327806122449
0.495,0.2894357142857143,0.25372321428571426,0.2420327806122449
0.496,0.2894357142857143,0.25372321428571426,0.2420327806122449
0.497,0.2894357142857143,0.25372321428571426,0.2420327806122449
0.498,0.2894357142857143,0.25372321428571426,0.2420327806122449
0.499,0.2894357142857143,0.25372321428571426,0.2420327806122449
0.5,0.30189285714285713,0.25404464285714284,0.2420327806122449
0.501,0.30189285714285713,0.25404464285714284,0.2420327806122449
0.502,0.30189285714285713,0.25404464285714284,0.2420327806122449
0.503,0.30189285714285713,0.25404464285714284,0.2420327806122449
0.504,0.30189285714285713,0.25404464285714284,0.2420327806122449
0.505,0.30189285714285713,0.25404464285714284,0.2420327806122449
0.506,0.30189285714285713,0.25404464285714284,0.2420327806122449
0.507,0.30189285714285713,0.25404464285714284,0.2420327806122449
0.508,0.30189285714285713,0.25404464285714284,0.2420327806122449
0.509,0.30189285714285713,0.25404464285714284,0.2420327806122449
0.51,0.30189285714285713,0.25404464285714284,0.2420327806122449
0.511,0.30189285714285713,0.25404464285714284,0.2420327806122449
0.512,0.30189285714285713,0.25404464285714284,0.2420327806122449
0.513,0.30189285714285713,0.25404464285714284,0.2420327806122449
0.514,0.30189285714285713,0.25404464285714284,0.2420327806122449
0.515,0.30189285714285713,0.2556517857142857,0.2420327806122449
0.516,0.30189285714285713,0.2556517857142857,0.2420327806122449
0.517,0.30189285714285713,0.2556517857142857,0.2420327806122449
0.518,0.3031,0.2556517857142857,0.2420327806122449
0.519,0.3031,0.2556517857142857,0.2420327806122449
0.52,0.3031,0.2556517857142857,0.2420327806122449
0.521,0.3031,0.2556517857142857,0.2420327806122449
0.522,0.3031,0.2556517857142857,0.2420327806122449
0.523,0.3031,0.2556517857142857,0.2420327806122449
0.524,0.3031,0.2556517857142857,0.2420327806122449
0.525,0.3031,0.2556517857142857,0.2420327806122449
0.526,0.3031,0.2556517857142857,0.2420327806122449
0.527,0.3031,0.2556517857142857,0.2420327806122449
0.528,0.3031,0.2556517857142857,0.2420327806122449
0.529,0.3031,0.25892857142857145,0.2420327806122449
0.53,0.3031,0.25892857142857145,0.2420327806122449
0.531,0.3031,0.25892857142857145,0.2420327806122449
0.532,0.3031,0.25892857142857145,0.2420327806122449
0.533,0.3031,0.25892857142857145,0.2420327806122449
0.534,0.3031,0.25892857142857145,0.2420327806122449
0.535,0.3031,0.25892857142857145,0.2420327806122449
0.536,0.2918857142857143,0.25892857142857145,0.2420327806122449
0.537,0.2918857142857143,0.25892857142857145,0.2420327806122449
0.538,0.2918857142857143,0.25892857142857145,0.2420327806122449
0.539,0.2918857142857143,0.25892857142857145,0.2420327806122449
0.54,0.2918857142857143,0.25892857142857145,0.2420327806122449
0.541,0.2918857142857143,0.25892857142857145,0.2420327806122449
0.542,0.2918857142857143,0.25892857142857145,0.2420327806122449
0.543,0.2918857142857143,0.2591160714285714,0.2420327806122449
0.544,0.2918857142857143,0.2591160714285714,0.2420327806122449
0.545,0.2918857142857143,0.2591160714285714,0.2420327806122449
0.546,0.2918857142857143,0.2591160714285714,0.2420327806122449
0.547,0.2918857142857143,0.2591160714285714,0.2420327806122449
0.548,0.2918857142857143,0.2591160714285714,0.2420327806122449
0.549,0.2918857142857143,0.2591160714285714,0.2420327806122449
0.55,0.2918857142857143,0.2591160714285714,0.2420327806122449
0.551,0.2918857142857143,0.2591160714285714,0.2420327806122449
0.552,0.2918857142857143,0.2591160714285714,0.2420327806122449
0.553,0.2918857142857143,0.2591160714285714,0.2420327806122449
0.554,0.30662142857142854,0.2591160714285714,0.2420327806122449
0.555,0.30662142857142854,0.2591160714285714,0.2420327806122449
0.556,0.30662142857142854,0.2591160714285714,0.2420327806122449
0.557,0.30662142857142854,0.2591160714285714,0.2420327806122449
0.558,0.30662142857142854,0.2598214285714286,0.2420327806122449
0.559,0.30662142857142854,0.2598214285714286,0.2420327806122449
0.56,0.30662142857142854,0.2598214285714286,0.2420327806122449
0.561,0.30662142857142854,0.2598214285714286,0.2420327806122449
0.562,0.30662142857142854,0.2598214285714286,0.2420327806122449
0.563,0.30662142857142854,0.2598214285714286,0.2420327806122449
0.564,0.30662142857142854,0.2598214285714286,0.2420327806122449
0.565,0.30662142857142854,0.2598214285714286,0.2420327806122449
0.566,0.30662142857142854,0.2598214285714286,0.2420327806122449
0.567,0.30662142857142854,0.2598214285714286,0.2420327806122449
0.568,0.30662142857142854,0.2598214285714286,0.2420327806122449
0.569,0.30662142857142854,0.2598214285714286,0.2420327806122449
0.57,0.30662142857142854,0.2598214285714286,0.2420327806122449
0.571,0.30662142857142854,0.2598214285714286,0.2420327806122449
0.572,0.30552142857142855,0.2577857142857143,0.2420327806122449
0.573,0.30552142857142855,0.2577857142857143,0.2420327806122449
0.574,0.30552142857142855,0.2577857142857143,0.2420327806122449
0.575,0.30552142857142855,0.2577857142857143,0.2420327806122449
0.576,0.30552142857142855,0.2577857142857143,0.2420327806122449
0.577,0.30552142857142855,0.2577857142857143,0.2420327806122449
0.578,0.30552142857142855,0.2577857142857143,0.2420327806122449
0.579,0.30552142857142855,0.2577857142857143,0.2420327806122449
0.58,0.30552142857142855,0.2577857142857143,0.2420327806122449
0.581,0.30552142857142855,0.2577857142857143,0.2420327806122449
0.582,0.30552142857142855,0.2577857142857143,0.2420327806122449
0.583,0.30552142857142855,0.2577857142857143,0.2420327806122449
0.584,0.30552142857142855,0.2577857142857143,0.2420327806122449
0.585,0.30552142857142855,0.2577857142857143,0.2420327806122449
0.586,0.30552142857142855,0.2584910714285714,0.2420327806122449
0.587,0.30552142857142855,0.2584910714285714,0.2420327806122449
0.588,0.30552142857142855,0.2584910714285714,0.2420327806122449
0.589,0.30552142857142855,0.2584910714285714,0.2420327806122449
0.59,0.3072785714285714,0.2584910714285714,0.2420327806122449
0.591,0.3072785714285714,0.2584910714285714,0.2420327806122449
0.592,0.3072785714285714,0.2584910714285714,0.2420327806122449
0.593,0.3072785714285714,0.2584910714285714,0.2420327806122449
0.594,0.3072785714285714,0.2584910714285714,0.2420327806122449
0.595,0.3072785714285714,0.2584910714285714,0.2420327806122449
0.596,0.3072785714285714,0.2584910714285714,0.2420327806122449
0.597,0.3072785714285714,0.2584910714285714,0.2420327806122449
0.598,0.3072785714285714,0.2584910714285714,0.2420327806122449
0.599,0.3072785714285714,0.2584910714285714,0.2420327806122449
0.6,0.3072785714285714,0.2581428571428571,0.2420327806122449
0.601,0.3072785714285714,0.2581428571428571,0.2420327806122449
0.602,0.3072785714285714,0.2581428571428571,0.2420327806122449
0.603,0.3072785714285714,0.2581428571428571,0.2420327806122449
0.604,0.3072785714285714,0.2581428571428571,0.2420327806122449
0.605,0.3072785714285714,0.2581428571428571,0.2420327806122449
0.606,0.3072785714285714,0.2581428571428571,0.2420327806122449
0.607,0.3072785714285714,0.2581428571428571,0.2420327806122449
0.608,0.2920785714285714,0.2581428571428571,0.2420327806122449
0.609,0.2920785714285714,0.2581428571428571,0.2420327806122449
0.61,0.2920785714285714,0.2581428571428571,0.2420327806122449
0.611,0.2920785714285714,0.2581428571428571,0.2420327806122449
0.612,0.2920785714285714,0.2581428571428571,0.2420327806122449
0.613,0.2920785714285714,0.2581428571428571,0.2420327806122449
0.614,0.2920785714285714,0.2581428571428571,0.2420327806122449
0.615,0.2920785714285714,0.25766964285714283,0.2420327806122449
0.616,0.2920785714285714,0.25766964285714283,0.2420327806122449
0.617,0.2920785714285714,0.25766964285714283,0.2420327806122449
0.618,0.2920785714285714,0.25766964285714283,0.2420327806122449
0.619,0.2920785714285714,0.25766964285714283,0.2420327806122449
0.62,0.2920785714285714,0.25766964285714283,0.2420327806122449
0.621,0.2920785714285714,0.25766964285714283,0.2420327806122449
0.622,0.2920785714285714,0.25766964285714283,0.2420327806122449
0.623,0.2920785714285714,0.25766964285714283,0.2420327806122449
0.624,0.2920785714285714,0.25766964285714283,0.2420327806122449
0.625,0.2916714285714286,0.25766964285714283,0.2420327806122449
0.626,0.2916714285714286,0.25766964285714283,0.2420327806122449
0.627,0.2916714285714286,0.25766964285714283,0.2420327806122449
0.628,0.2916714285714286,0.25766964285714283,0.2420327806122449
0.629,0.2916714285714286,0.25555357142857144,0.2420327806122449
0.63,0.2916714285714286,0.25555357142857144,0.2420327806122449
0.631,0.2916714285714286,0.25555357142857144,0.2420327806122449
0.632,0.2916714285714286,0.25555357142857144,0.2420327806122449
0.633,0.2916714285714286,0.25555357142857144,0.2420327806122449
0.634,0.2916714285714286,0.25555357142857144,0.2420327806122449
0.635,0.2916714285714286,0.25555357142857144,0.2420327806122449
0.636,0.2916714285714286,0.25555357142857144,0.2420327806122449
0.637,0.2916714285714286,0.25555357142857144,0.2420327806122449
0.638,0.2916714285714286,0.25555357142857144,0.2420327806122449
0.639,0.2916714285714286,0.25555357142857144,0.2420327806122449
0.64,0.2916714285714286,0.25555357142857144,0.2420327806122449
0.641,0.2916714285714286,0.25555357142857144,0.2420327806122449
0.642,0.2916714285714286,0.25555357142857144,0.2420327806122449
0.643,0.29082142857142856,0.25222321428571426,0.2420327806122449
0.644,0.29082142857142856,0.25222321428571426,0.2420327806122449
0.645,0.29082142857142856,0.25222321428571426,0.2420327806122449
0.646,0.29082142857142856,0.25222321428571426,0.2420327806122449
0.647,0.29082142857142856,0.25222321428571426,0.2420327806122449
0.648,0.29082142857142856,0.25222321428571426,0.2420327806122449
0.649,0.29082142857142856,0.25222321428571426,0.2420327806122449
0.65,0.29082142857142856,0.25222321428571426,0.2420327806122449
0.651,0.29082142857142856,0.25222321428571426,0.2420327806122449
0.652,0.29082142857142856,0.25222321428571426,0.2420327806122449
0.653,0.29082142857142856,0.25222321428571426,0.2420327806122449
0.654,0.29082142857142856,0.25222321428571426,0.2420327806122449
0.655,0.29082142857142856,0.25222321428571426,0.2420327806122449
0.656,0.29082142857142856,0.25222321428571426,0.2420327806122449
0.657,0.29082142857142856,0.25222321428571426,0.2420327806122449
0.658,0.29082142857142856,0.2513035714285714,0.2420327806122449
0.659,0.29082142857142856,0.2513035714285714,0.2420327806122449
0.66,0.29082142857142856,0.2513035714285714,0.2420327806122449
0.661,0.30035,0.2513035714285714,0.2420327806122449
0.662,0.30035,0.2513035714285714,0.2420327806122449
0.663,0.30035,0.2513035714285714,0.2420327806122449
0.664,0.30035,0.2513035714285714,0.2420327806122449
0.665,0.30035,0.2513035714285714,0.2420327806122449
0.666,0.30035,0.2513035714285714,0.2420327806122449
0.667,0.30035,0.2513035714285714,0.2420327806122449
0.668,0.30035,0.2513035714285714,0.2420327806122449
0.669,0.30035,0.2513035714285714,0.2420327806122449
0.67,0.30035,0.2513035714285714,0.2420327806122449
0.671,0.30035,0.2513035714285714,0.2420327806122449
0.672,0.30035,0.25254464285714284,0.2420327806122449
0.673,0.30035,0.25254464285714284,0.2420327806122449
0.674,0.30035,0.25254464285714284,0.2420327806122449
0.675,0.30035,0.25254464285714284,0.2420327806122449
0.676,0.30035,0.25254464285714284,0.2420327806122449
0.677,0.30035,0.25254464285714284,0.2420327806122449
0.678,0.30035,0.25254464285714284,0.2420327806122449
0.679,0.31288571428571427,0.25254464285714284,0.2420327806122449
0.68,0.31288571428571427,0.25254464285714284,0.2420327806122449
0.681,0.31288571428571427,0.25254464285714284,0.2420327806122449
0.682,0.31288571428571427,0.25254464285714284,0.2420327806122449
0.683,0.31288571428571427,0.25254464285714284,0.2420327806122449
0.684,0.31288571428571427,0.25254464285714284,0.2420327806122449
0.685,0.31288571428571427,0.25254464285714284,0.2420327806122449
0.686,0.31288571428571427,0.2525982142857143,0.2420327806122449
0.687,0.31288571428571427,0.2525982142857143,0.2420327806122449
0.688,0.31288571428571427,0.2525982142857143,0.2420327806122449
0.689,0.31288571428571427,0.2525982142857143,0.2420327806122449
0.69,0.31288571428571427,0.2525982142857143,0.2420327806122449
0.691,0.31288571428571427,0.2525982142857143,0.2420327806122449
0.692,0.31288571428571427,0.2525982142857143,0.2420327806122449
0.693,0.31288571428571427,0.2525982142857143,0.2420327806122449
0.694,0.31288571428571427,0.2525982142857143,0.2420327806122449
0.695,0.31288571428571427,0.2525982142857143,0.2420327806122449
0.696,0.31288571428571427,0.2525982142857143,0.2420327806122449
0.697,0.2988571428571429,0.2525982142857143,0.2420327806122449
0.698,0.2988571428571429,0.2525982142857143,0.2420327806122449
0.699,0.2988571428571429,0.2525982142857143,0.2420327806122449
0.7,0.2988571428571429,0.2531875,0.2420327806122449
0.701,0.2988571428571429,0.2531875,0.2420327806122449
0.702,0.2988571428571429,0.2531875,0.2420327806122449
0.703,0.2988571428571429,0.2531875,0.2420327806122449
0.704,0.2988571428571429,0.2531875,0.2420327806122449
0.705,0.2988571428571429,0.2531875,0.2420327806122449
0.706,0.2988571428571429,0.2531875,0.2420327806122449
0.707,0.2988571428571429,0.2531875,0.2420327806122449
0.708,0.2988571428571429,0.2531875,0.2420327806122449
0.709,0.2988571428571429,0.2531875,0.2420327806122449
0.71,0.2988571428571429,0.2531875,0.2420327806122449
0.711,0.2988571428571429,0.2531875,0.2420327806122449
0.712,0.2988571428571429,0.2531875,0.2420327806122449
0.713,0.2988571428571429,0.2531875,0.2420327806122449
0.714,0.2988571428571429,0.2531875,0.2420327806122449
0.715,0.31302142857142856,0.2523214285714286,0.2420327806122449
0.716,0.31302142857142856,0.2523214285714286,0.2420327806122449
0.717,0.31302142857142856,0.2523214285714286,0.2420327806122449
0.718,0.31302142857142856,0.2523214285714286,0.2420327806122449
0.719,0.31302142857142856,0.2523214285714286,0.2420327806122449
0.72,0.31302142857142856,0.2523214285714286,0.2420327806122449
0.721,0.31302142857142856,0.2523214285714286,0.2420327806122449
0.722,0.31302142857142856,0.2523214285714286,0.2420327806122449
0.723,0.31302142857142856,0.2523214285714286,0.2420327806122449
0.724,0.31302142857142856,0.2523214285714286,0.2420327806122449
0.725,0.31302142857142856,0.2523214285714286,0.2420327806122449
0.726,0.31302142857142856,0.2523214285714286,0.2420327806122449
0.727,0.31302142857142856,0.2523214285714286,0.2420327806122449
0.728,0.31302142857142856,0.2523214285714286,0.2420327806122449
0.729,0.31302142857142856,0.25242857142857145,0.2420327806122449
0.73,0.31302142857142856,0.25242857142857145,0.2420327806122449
0.731,0.31302142857142856,0.25242857142857145,0.2420327806122449
0.732,0.31302142857142856,0.25242857142857145,0.2420327806122449
0.733,0.31285714285714283,0.25242857142857145,0.2420327806122449
0.734,0.31285714285714283,0.25242857142857145,0.2420327806122449
0.735,0.31285714285714283,0.25242857142857145,0.2420327806122449
0.736,0.31285714285714283,0.25242857142857145,0.2420327806122449
0.737,0.31285714285714283,0.25242857142857145,0.2420327806122449
0.738,0.31285714285714283,0.25242857142857145,0.2420327806122449
0.739,0.31285714285714283,0.25242857142857145,0.2420327806122449
0.74,0.31285714285714283,0.25242857142857145,0.2420327806122449
0.741,0.31285714285714283,0.25242857142857145,0.2420327806122449
0.742,0.31285714285714283,0.25242857142857145,0.2420327806122449
0.743,0.31285714285714283,0.2541607142857143,0.2420327806122449
0.744,0.31285714285714283,0.2541607142857143,0.2420327806122449
0.745,0.31285714285714283,0.2541607142857143,0.2420327806122449
0.746,0.31285714285714283,0.2541607142857143,0.2420327806122449
0.747,0.31285714285714283,0.2541607142857143,0.2420327806122449
0.748,0.31285714285714283,0.2541607142857143,0.2420327806122449
0.749,0.31285714285714283,0.2541607142857143,0.2420327806122449
0.75,0.2830714285714286,0.2541607142857143,0.2420327806122449
0.751,0.2830714285714286,0.2541607142857143,0.2420327806122449
0.752,0.2830714285714286,0.2541607142857143,0.2420327806122449
0.753,0.2830714285714286,0.2541607142857143,0.2420327806122449
0.754,0.2830714285714286,0.2541607142857143,0.2420327806122449
0.755,0.2830714285714286,0.2541607142857143,0.2420327806122449
0.756,0.2830714285714286,0.2541607142857143,0.2420327806122449
0.757,0.2830714285714286,0.2541607142857143,0.2420327806122449
0.758,0.2830714285714286,0.25429464285714287,0.2420327806122449
0.759,0.2830714285714286,0.25429464285714287,0.2420327806122449
0.76,0.2830714285714286,0.25429464285714287,0.2420327806122449
0.761,0.2830714285714286,0.25429464285714287,0.2420327806122449
0.762,0.2830714285714286,0.25429464285714287,0.2420327806122449
0.763,0.2830714285714286,0.25429464285714287,0.2420327806122449
0.764,0.2830714285714286,0.25429464285714287,0.2420327806122449
0.765,0.2830714285714286,0.25429464285714287,0.2420327806122449
0.766,0.2830714285714286,0.25429464285714287,0.2420327806122449
0.767,0.2830714285714286,0.25429464285714287,0.2420327806122449
0.768,0.2839714285714286,0.25429464285714287,0.2420327806122449
0.769,0.2839714285714286,0.25429464285714287,0.2420327806122449
0.77,0.2839714285714286,0.25429464285714287,0.2420327806122449
0.771,0.2839714285714286,0.25429464285714287,0.2420327806122449
0.772,0.2839714285714286,0.2531339285714286,0.2420327806122449
0.773,0.2839714285714286,0.2531339285714286,0.2420327806122449
0.774,0.2839714285714286,0.2531339285714286,0.2420327806122449
0.775,0.2839714285714286,0.2531339285714286,0.2420327806122449
0.776,0.2839714285714286,0.2531339285714286,0.2420327806122449
0.777,0.2839714285714286,0.2531339285714286,0.2420327806122449
0.778,0.2839714285714286,0.2531339285714286,0.2420327806122449
0.779,0.2839714285714286,0.2531339285714286,0.2420327806122449
0.78,0.2839714285714286,0.2531339285714286,0.2420327806122449
0.781,0.2839714285714286,0.2531339285714286,0.2420327806122449
0.782,0.2839714285714286,0.2531339285714286,0.2420327806122449
0.783,0.2839714285714286,0.2531339285714286,0.2420327806122449
0.784,0.2839714285714286,0.2531339285714286,0.2420327806122449
0.785,0.2839714285714286,0.2531339285714286,0.2420327806122449
0.786,0.27999285714285715,0.25258928571428574,0.2420327806122449
0.787,0.27999285714285715,0.25258928571428574,0.2420327806122449
0.788,0.27999285714285715,0.25258928571428574,0.2420327806122449
0.789,0.27999285714285715,0.25258928571428574,0.2420327806122449
0.79,0.27999285714285715,0.25258928571428574,0.2420327806122449
0.791,0.27999285714285715,0.25258928571428574,0.2420327806122449
0.792,0.27999285714285715,0.25258928571428574,0.2420327806122449
0.793,0.27999285714285715,0.25258928571428574,0.2420327806122449
0.794,0.27999285714285715,0.25258928571428574,0.2420327806122449
0.795,0.27999285714285715,0.25258928571428574,0.2420327806122449
0.796,0.27999285714285715,0.25258928571428574,0.2420327806122449
0.797,0.27999285714285715,0.25258928571428574,0.2420327806122449
0.798,0.27999285714285715,0.25258928571428574,0.2420327806122449
0.799,0.27999285714285715,0.25258928571428574,0.2420327806122449
0.8,0.27999285714285715,0.25210714285714286,0.2420327806122449
0.801,0.27999285714285715,0.25210714285714286,0.2420327806122449
0.802,0.27999285714285715,0.25210714285714286,0.2420327806122449
0.803,0.27999285714285715,0.25210714285714286,0.2420327806122449
0.804,0.27735,0.25210714285714286,0.2420327806122449
0.805,0.27735,0.25210714285714286,0.2420327806122449
0.806,0.27735,0.25210714285714286,0.2420327806122449
0.807,0.27735,0.25210714285714286,0.2420327806122449
0.808,0.27735,0.25210714285714286,0.2420327806122449
0.809,0.27735,0.25210714285714286,0.2420327806122449
0.81,0.27735,0.25210714285714286,0.2420327806122449
0.811,0.27735,0.25210714285714286,0.2420327806122449
0.812,0.27735,0.25210714285714286,0.2420327806122449
0.813,0.27735,0.25210714285714286,0.2420327806122449
0.814,0.27735,0.25210714285714286,0.2420327806122449
0.815,0.27735,0.24986607142857142,0.2420327806122449
0.816,0.27735,0.24986607142857142,0.2420327806122449
0.817,0.27735,0.24986607142857142,0.2420327806122449
0.818,0.27735,0.24986607142857142,0.2420327806122449
0.819,0.27735,0.24986607142857142,0.2420327806122449
0.82,0.27735,0.24986607142857142,0.2420327806122449
0.821,0.27735,0.24986607142857142,0.2420327806122449
0.822,0.2982142857142857,0.24986607142857142,0.2420327806122449
0.823,0.2982142857142857,0.24986607142857142,0.2420327806122449
0.824,0.2982142857142857,0.24986607142857142,0.2420327806122449
0.825,0.2982142857142857,0.24986607142857142,0.2420327806122449
0.826,0.2982142857142857,0.24986607142857142,0.2420327806122449
0.827,0.2982142857142857,0.24986607142857142,0.2420327806122449
0.828,0.2982142857142857,0.24986607142857142,0.2420327806122449
0.829,0.2982142857142857,0.24848214285714285,0.2420327806122449
0.83,0.2982142857142857,0.24848214285714285,0.2420327806122449
0.831,0.2982142857142857,0.24848214285714285,0.2420327806122449
0.832,0.2982142857142857,0.24848214285714285,0.2420327806122449
0.833,0.2982142857142857,0.24848214285714285,0.2420327806122449
0.834,0.2982142857142857,0.24848214285714285,0.2420327806122449
0.835,0.2982142857142857,0.24848214285714285,0.2420327806122449
0.836,0.2982142857142857,0.24848214285714285,0.2420327806122449
0.837,0.2982142857142857,0.24848214285714285,0.2420327806122449
0.838,0.2982142857142857,0.24848214285714285,0.2420327806122449
0.839,0.2982142857142857,0.24848214285714285,0.2420327806122449
0.84,0.28964285714285715,0.24848214285714285,0.2420327806122449
0.841,0.28964285714285715,0.24848214285714285,0.2420327806122449
0.842,0.28964285714285715,0.24848214285714285,0.2420327806122449
0.843,0.28964285714285715,0.24924107142857144,0.2420327806122449
0.844,0.28964285714285715,0.24924107142857144,0.2420327806122449
0.845,0.28964285714285715,0.24924107142857144,0.2420327806122449
0.846,0.28964285714285715,0.24924107142857144,0.2420327806122449
0.847,0.28964285714285715,0.24924107142857144,0.2420327806122449
0.848,0.28964285714285715,0.24924107142857144,0.2420327806122449
0.849,0.28964285714285715,0.24924107142857144,0.2420327806122449
0.85,0.28964285714285715,0.24924107142857144,0.2420327806122449
0.851,0.28964285714285715,0.24924107142857144,0.2420327806122449
0.852,0.28964285714285715,0.24924107142857144,0.2420327806122449
0.853,0.28964285714285715,0.24924107142857144,0.2420327806122449
0.854,0.28964285714285715,0.24924107142857144,0.2420327806122449
0.855,0.28964285714285715,0.24924107142857144,0.2420327806122449
0.856,0.28964285714285715,0.24924107142857144,0.2420327806122449
0.857,0.28964285714285715,0.24924107142857144,0.2420327806122449
0.858,0.26917857142857143,0.24607142857142858,0.2420327806122449
0.859,0.26917857142857143,0.24607142857142858,0.2420327806122449
0.86,0.26917857142857143,0.24607142857142858,0.2420327806122449
0.861,0.26917857142857143,0.24607142857142858,0.2420327806122449
0.862,0.26917857142857143,0.24607142857142858,0.2420327806122449
0.863,0.26917857142857143,0.24607142857142858,0.2420327806122449
0.864,0.26917857142857143,0.24607142857142858,0.2420327806122449
0.865,0.26917857142857143,0.24607142857142858,0.2420327806122449
0.866,0.26917857142857143,0.24607142857142858,0.2420327806122449
0.867,0.26917857142857143,0.24607142857142858,0.2420327806122449
0.868,0.26917857142857143,0.24607142857142858,0.2420327806122449
0.869,0.26917857142857143,0.24607142857142858,0.2420327806122449
0.87,0.26917857142857143,0.24607142857142858,0.2420327806122449
0.871,0.26917857142857143,0.24607142857142858,0.2420327806122449
0.872,0.26917857142857143,0.24074107142857143,0.2420327806122449
0.873,0.26917857142857143,0.24074107142857143,0.2420327806122449
0.874,0.26917857142857143,0.24074107142857143,0.2420327806122449
0.875,0.22399285714285713,0.24074107142857143,0.2420327806122449
0.876,0.22399285714285713,0.24074107142857143,0.2420327806122449
0.877,0.22399285714285713,0.24074107142857143,0.2420327806122449
0.878,0.22399285714285713,0.24074107142857143,0.2420327806122449
0.879,0.22399285714285713,0.24074107142857143,0.2420327806122449
0.88,0.22399285714285713,0.24074107142857143,0.2420327806122449
0.881,0.22399285714285713,0.24074107142857143,0.2420327806122449
0.882,0.22399285714285713,0.24074107142857143,0.2420327806122449
0.883,0.22399285714285713,0.24074107142857143,0.2420327806122449
0.884,0.22399285714285713,0.24074107142857143,0.2420327806122449
0.885,0.22399285714285713,0.24074107142857143,0.2420327806122449
0.886,0.22399285714285713,0.23369642857142858,0.2420327806122449
0.887,0.22399285714285713,0.23369642857142858,0.2420327806122449
0.888,0.22399285714285713,0.23369642857142858,0.2420327806122449
0.889,0.22399285714285713,0.23369642857142858,0.2420327806122449
0.89,0.22399285714285713,0.23369642857142858,0.2420327806122449
0.891,0.22399285714285713,0.23369642857142858,0.2420327806122449
0.892,0.22399285714285713,0.23369642857142858,0.2420327806122449
0.893,0.16092142857142858,0.23369642857142858,0.2420327806122449
0.894,0.16092142857142858,0.23369642857142858,0.2420327806122449
0.895,0.16092142857142858,0.23369642857142858,0.2420327806122449
0.896,0.16092142857142858,0.23369642857142858,0.2420327806122449
0.897,0.16092142857142858,0.23369642857142858,0.2420327806122449
0.898,0.16092142857142858,0.23369642857142858,0.2420327806122449
0.899,0.16092142857142858,0.23369642857142858,0.2420327806122449
0.9,0.16092142857142858,0.2225625,0.2420327806122449
0.901,0.16092142857142858,0.2225625,0.2420327806122449
0.902,0.16092142857142858,0.2225625,0.2420327806122449
0.903,0.16092142857142858,0.2225625,0.2420327806122449
0.904,0.16092142857142858,0.2225625,0.2420327806122449
0.905,0.16092142857142858,0.2225625,0.2420327806122449
0.906,0.16092142857142858,0.2225625,0.2420327806122449
0.907,0.16092142857142858,0.2225625,0.2420327806122449
0.908,0.16092142857142858,0.2225625,0.2420327806122449
0.909,0.16092142857142858,0.2225625,0.2420327806122449
0.91,0.16092142857142858,0.2225625,0.2420327806122449
0.911,0.10553571428571429,0.2225625,0.2420327806122449
0.912,0.10553571428571429,0.2225625,0.2420327806122449
0.913,0.10553571428571429,0.2225625,0.2420327806122449
0.914,0.10553571428571429,0.2225625,0.2420327806122449
0.915,0.10553571428571429,0.20549107142857143,0.2420327806122449
0.916,0.10553571428571429,0.20549107142857143,0.2420327806122449
0.917,0.10553571428571429,0.20549107142857143,0.2420327806122449
0.918,0.10553571428571429,0.20549107142857143,0.2420327806122449
0.919,0.10553571428571429,0.20549107142857143,0.2420327806122449
0.92,0.10553571428571429,0.20549107142857143,0.2420327806122449
0.921,0.10553571428571429,0.20549107142857143,0.2420327806122449
0.922,0.10553571428571429,0.20549107142857143,0.2420327806122449
0.923,0.10553571428571429,0.20549107142857143,0.2420327806122449
0.924,0.10553571428571429,0.20549107142857143,0.2420327806122449
0.925,0.10553571428571429,0.20549107142857143,0.2420327806122449
0.926,0.10553571428571429,0.20549107142857143,0.2420327806122449
0.927,0.10553571428571429,0.20549107142857143,0.2420327806122449
0.928,0.10553571428571429,0.20549107142857143,0.2420327806122449
0.929,0.03830714285714286,0.18160714285714286,0.2420327806122449
0.93,0.03830714285714286,0.18160714285714286,0.2420327806122449
0.931,0.03830714285714286,0.18160714285714286,0.2420327806122449
0.932,0.03830714285714286,0.18160714285714286,0.2420327806122449
0.933,0.03830714285714286,0.18160714285714286,0.2420327806122449
0.934,0.03830714285714286,0.18160714285714286,0.2420327806122449
0.935,0.03830714285714286,0.18160714285714286,0.2420327806122449
0.936,0.03830714285714286,0.18160714285714286,0.2420327806122449
0.937,0.03830714285714286,0.18160714285714286,0.2420327806122449
0.938,0.03830714285714286,0.18160714285714286,0.2420327806122449
0.939,0.03830714285714286,0.18160714285714286,0.2420327806122449
0.94,0.03830714285714286,0.18160714285714286,0.2420327806122449
0.941,0.03830714285714286,0.18160714285714286,0.2420327806122449
0.942,0.03830714285714286,0.18160714285714286,0.2420327806122449
0.943,0.03830714285714286,0.14866071428571428,0.2420327806122449
0.944,0.03830714285714286,0.14866071428571428,0.2420327806122449
0.945,0.03830714285714286,0.14866071428571428,0.2420327806122449
0.946,0.03830714285714286,0.14866071428571428,0.2420327806122449
0.947,0,0.14866071428571428,0.2420327806122449
0.948,0,0.14866071428571428,0.2420327806122449
0.949,0,0.14866071428571428,0.2420327806122449
0.95,0,0.14866071428571428,0.2420327806122449
0.951,0,0.14866071428571428,0.2420327806122449
0.952,0,0.14866071428571428,0.2420327806122449
0.953,0,0.14866071428571428,0.2420327806122449
0.954,0,0.14866071428571428,0.2420327806122449
0.955,0,0.14866071428571428,0.2420327806122449
0.956,0,0.14866071428571428,0.2420327806122449
0.957,0,0.14866071428571428,0.2420327806122449
0.958,0,0.1034375,0.2420327806122449
0.959,0,0.1034375,0.2420327806122449
0.96,0,0.1034375,0.2420327806122449
0.961,0,0.1034375,0.2420327806122449
0.962,0,0.1034375,0.2420327806122449
0.963,0,0.1034375,0.2420327806122449
0.964,0,0.1034375,0.2420327806122449
0.965,0,0.1034375,0.2420327806122449
0.966,0,0.1034375,0.2420327806122449
0.967,0,0.1034375,0.2420327806122449
0.968,0,0.1034375,0.2420327806122449
0.969,0,0.1034375,0.2420327806122449
0.97,0,0.1034375,0.2420327806122449
0.971,0,0.1034375,0.2420327806122449
0.972,0,0.05715178571428572,0.2420327806122449
0.973,0,0.05715178571428572,0.2420327806122449
0.974,0,0.05715178571428572,0.2420327806122449
0.975,0,0.05715178571428572,0.2420327806122449
0.976,0,0.05715178571428572,0.2420327806122449
0.977,0,0.05715178571428572,0.2420327806122449
0.978,0,0.05715178571428572,0.2420327806122449
0.979,0,0.05715178571428572,0.2420327806122449
0.98,0,0.05715178571428572,0.2420327806122449
0.981,0,0.05715178571428572,0.2420327806122449
0.982,0,0.05715178571428572,0.2420327806122449
0.983,0,0.05715178571428572,0.2420327806122449
0.984,0,0.05715178571428572,0.2420327806122449
0.985,0,0.05715178571428572,0.2420327806122449
0.986,0,0.4466785714285714,0.2420327806122449
0.987,0,0.4466785714285714,0.2420327806122449
0.988,0,0.4466785714285714,0.2420327806122449
0.989,0,0.4466785714285714,0.2420327806122449
0.99,0,0.4466785714285714,0.2420327806122449
0.991,0,0.4466785714285714,0.2420327806122449
0.992,0,0.4466785714285714,0.2420327806122449
0.993,0,0.4466785714285714,0.2420327806122449
0.994,0,0.4466785714285714,0.2420327806122449
0.995,0,0.4466785714285714,0.2420327806122449
0.996,0,0.4466785714285714,0.2420327806122449
0.997,0,0.4466785714285714,0.2420327806122449
0.998,0,0.4466785714285714,0.2420327806122449
0.999,0,0.4466785714285714,0.2420327806122449
