coordinate,x,y,overall,arctic
0.000,0.000000,0.000000,0.295992,0.499339
0.001,0.000000,0.000000,0.295992,0.499339
0.002,0.000000,0.000000,0.295992,0.499339
0.003,0.000000,0.000000,0.295992,0.499339
0.004,0.000000,0.000000,0.295992,0.499339
0.005,0.000000,0.000000,0.295992,0.499339
0.006,0.000000,0.000000,0.295992,0.499339
0.007,0.000000,0.000000,0.295992,0.499339
0.008,0.000000,0.000000,0.295992,0.499339
0.009,0.000000,0.000000,0.295992,0.499339
0.010,0.000000,0.000000,0.295992,0.499339
0.011,0.000000,0.000000,0.295992,0.499339
0.012,0.000000,0.000000,0.295992,0.499339
0.013,0.000000,0.000000,0.295992,0.499339
0.014,0.000000,0.000000,0.295992,0.499339
0.015,0.000000,0.050045,0.295992,0.000000
0.016,0.000000,0.050045,0.295992,0.000000
0.017,0.000000,0.050045,0.295992,0.000000
0.018,0.000000,0.050045,0.295992,0.000000
0.019,0.000000,0.050045,0.295992,0.000000
0.020,0.000000,0.050045,0.295992,0.000000
0.021,0.000000,0.050045,0.295992,0.000000
0.022,0.000000,0.050045,0.295992,0.000000
0.023,0.000000,0.050045,0.295992,0.000000
0.024,0.000000,0.050045,0.295992,0.000000
0.025,0.000000,0.050045,0.295992,0.000000
0.026,0.000000,0.050045,0.295992,0.000000
0.027,0.000000,0.050045,0.295992,0.000000
0.028,0.000000,0.050045,0.295992,0.000000
0.029,0.000000,0.072196,0.295992,0.000000
0.030,0.000000,0.072196,0.295992,0.000000
0.031,0.000000,0.072196,0.295992,0.000000
0.032,0.000000,0.072196,0.295992,0.000000
0.033,0.000000,0.072196,0.295992,0.000000
0.034,0.000000,0.072196,0.295992,0.000000
0.035,0.000000,0.072196,0.295992,0.000000
0.036,0.017147,0.072196,0.295992,0.000000
0.037,0.017147,0.072196,0.295992,0.000000
0.038,0.017147,0.072196,0.295992,0.000000
0.039,0.017147,0.072196,0.295992,0.000000
0.040,0.017147,0.072196,0.295992,0.000000
0.041,0.017147,0.072196,0.295992,0.000000
0.042,0.017147,0.072196,0.295992,0.000000
0.043,0.017147,0.095982,0.295992,0.000000
0.044,0.017147,0.095982,0.295992,0.000000
0.045,0.017147,0.095982,0.295992,0.000000
0.046,0.017147,0.095982,0.295992,0.000000
0.047,0.017147,0.095982,0.295992,0.000000
0.048,0.017147,0.095982,0.295992,0.000000
0.049,0.017147,0.095982,0.295992,0.000000
0.050,0.017147,0.095982,0.295992,0.000000
0.051,0.017147,0.095982,0.295992,0.000000
0.052,0.017147,0.095982,0.295992,0.000000
0.053,0.017147,0.095982,0.295992,0.000000
0.054,0.050375,0.095982,0.295992,0.000000
0.055,0.050375,0.095982,0.295992,0.000000
0.056,0.050375,0.095982,0.295992,0.000000
0.057,0.050375,0.095982,0.295992,0.000000
0.058,0.050375,0.139839,0.295992,0.000000
0.059,0.050375,0.139839,0.295992,0.000000
0.060,0.050375,0.139839,0.295992,0.000000
0.061,0.050375,0.139839,0.295992,0.000000
0.062,0.050375,0.139839,0.295992,0.000000
0.063,0.050375,0.139839,0.295992,0.000000
0.064,0.050375,0.139839,0.295992,0.000000
0.065,0.050375,0.139839,0.295992,0.000000
0.066,0.050375,0.139839,0.295992,0.000000
0.067,0.050375,0.139839,0.295992,0.000000
0.068,0.050375,0.139839,0.295992,0.000000
0.069,0.050375,0.139839,0.295992,0.000000
0.070,0.050375,0.139839,0.295992,0.000000
0.071,0.050375,0.139839,0.295992,0.000000
0.072,0.084721,0.200625,0.295992,0.000000
0.073,0.084721,0.200625,0.295992,0.000000
0.074,0.084721,0.200625,0.295992,0.000000
0.075,0.084721,0.200625,0.295992,0.000000
0.076,0.084721,0.200625,0.295992,0.000000
0.077,0.084721,0.200625,0.295992,0.000000
0.078,0.084721,0.200625,0.295992,0.000000
0.079,0.084721,0.200625,0.295992,0.000000
0.080,0.084721,0.200625,0.295992,0.000000
0.081,0.084721,0.200625,0.295992,0.000000
0.082,0.084721,0.200625,0.295992,0.000000
0.083,0.084721,0.200625,0.295992,0.000000
0.084,0.084721,0.200625,0.295992,0.000000
0.085,0.084721,0.200625,0.295992,0.000000
0.086,0.084721,0.239705,0.295992,0.000000
0.087,0.084721,0.239705,0.295992,0.000000
0.088,0.084721,0.239705,0.295992,0.000000
0.089,0.084721,0.239705,0.295992,0.000000
0.090,0.125103,0.239705,0.295992,0.000000
0.091,0.125103,0.239705,0.295992,0.000000
0.092,0.125103,0.239705,0.295992,0.000000
0.093,0.125103,0.239705,0.295992,0.000000
0.094,0.125103,0.239705,0.295992,0.000000
0.095,0.125103,0.239705,0.295992,0.000000
0.096,0.125103,0.239705,0.295992,0.000000
0.097,0.125103,0.239705,0.295992,0.000000
0.098,0.125103,0.239705,0.295992,0.000000
0.099,0.125103,0.239705,0.295992,0.000000
0.100,0.125103,0.266929,0.295992,0.000000
0.101,0.125103,0.266929,0.295992,0.000000
0.102,0.125103,0.266929,0.295992,0.000000
0.103,0.125103,0.266929,0.295992,0.000000
0.104,0.125103,0.266929,0.295992,0.000000
0.105,0.125103,0.266929,0.295992,0.000000
0.106,0.125103,0.266929,0.295992,0.000000
0.107,0.125103,0.266929,0.295992,0.000000
0.108,0.175066,0.266929,0.295992,0.000000
0.109,0.175066,0.266929,0.295992,0.000000
0.110,0.175066,0.266929,0.295992,0.000000
0.111,0.175066,0.266929,0.295992,0.000000
0.112,0.175066,0.266929,0.295992,0.000000
0.113,0.175066,0.266929,0.295992,0.000000
0.114,0.175066,0.266929,0.295992,0.000000
0.115,0.175066,0.285161,0.295992,0.000000
0.116,0.175066,0.285161,0.295992,0.000000
0.117,0.175066,0.285161,0.295992,0.000000
0.118,0.175066,0.285161,0.295992,0.000000
0.119,0.175066,0.285161,0.295992,0.000000
0.120,0.175066,0.285161,0.295992,0.000000
0.121,0.175066,0.285161,0.295992,0.000000
0.122,0.175066,0.285161,0.295992,0.000000
0.123,0.175066,0.285161,0.295992,0.000000
0.124,0.175066,0.285161,0.295992,0.000000
0.125,0.231765,0.285161,0.295992,0.000000
0.126,0.231765,0.285161,0.295992,0.000000
0.127,0.231765,0.285161,0.295992,0.000000
0.128,0.231765,0.285161,0.295992,0.000000
0.129,0.231765,0.300545,0.295992,0.000000
0.130,0.231765,0.300545,0.295992,0.000000
0.131,0.231765,0.300545,0.295992,0.000000
0.132,0.231765,0.300545,0.295992,0.000000
0.133,0.231765,0.300545,0.295992,0.000000
0.134,0.231765,0.300545,0.295992,0.000000
0.135,0.231765,0.300545,0.295992,0.000000
0.136,0.231765,0.300545,0.295992,0.000000
0.137,0.231765,0.300545,0.295992,0.000000
0.138,0.231765,0.300545,0.295992,0.000000
0.139,0.231765,0.300545,0.295992,0.000000
0.140,0.231765,0.300545,0.295992,0.000000
0.141,0.231765,0.300545,0.295992,0.000000
0.142,0.231765,0.300545,0.295992,0.000000
0.143,0.277404,0.309437,0.295992,0.000000
0.144,0.277404,0.309437,0.295992,0.000000
0.145,0.277404,0.309437,0.295992,0.000000
0.146,0.277404,0.309437,0.295992,0.000000
0.147,0.277404,0.309437,0.295992,0.000000
0.148,0.277404,0.309437,0.295992,0.000000
0.149,0.277404,0.309437,0.295992,0.000000
0.150,0.277404,0.309437,0.295992,0.000000
0.151,0.277404,0.309437,0.295992,0.000000
0.152,0.277404,0.309437,0.295992,0.000000
0.153,0.277404,0.309437,0.295992,0.000000
0.154,0.277404,0.309437,0.295992,0.000000
0.155,0.277404,0.309437,0.295992,0.000000
0.156,0.277404,0.309437,0.295992,0.000000
0.157,0.277404,0.309437,0.295992,0.000000
0.158,0.277404,0.315071,0.295992,0.000000
0.159,0.277404,0.315071,0.295992,0.000000
0.160,0.277404,0.315071,0.295992,0.000000
0.161,0.314750,0.315071,0.295992,0.000000
0.162,0.314750,0.315071,0.295992,0.000000
0.163,0.314750,0.315071,0.295992,0.000000
0.164,0.314750,0.315071,0.295992,0.000000
0.165,0.314750,0.315071,0.295992,0.000000
0.166,0.314750,0.315071,0.295992,0.000000
0.167,0.314750,0.315071,0.295992,0.000000
0.168,0.314750,0.315071,0.295992,0.000000
0.169,0.314750,0.315071,0.295992,0.000000
0.170,0.314750,0.315071,0.295992,0.000000
0.171,0.314750,0.315071,0.295992,0.000000
0.172,0.314750,0.321991,0.295992,0.000000
0.173,0.314750,0.321991,0.295992,0.000000
0.174,0.314750,0.321991,0.295992,0.000000
0.175,0.314750,0.321991,0.295992,0.000000
0.176,0.314750,0.321991,0.295992,0.000000
0.177,0.314750,0.321991,0.295992,0.000000
0.178,0.314750,0.321991,0.295992,0.000000
0.179,0.341375,0.321991,0.295992,0.000000
0.180,0.341375,0.321991,0.295992,0.000000
0.181,0.341375,0.321991,0.295992,0.000000
0.182,0.341375,0.321991,0.295992,0.000000
0.183,0.341375,0.321991,0.295992,0.000000
0.184,0.341375,0.321991,0.295992,0.000000
0.185,0.341375,0.321991,0.295992,0.000000
0.186,0.341375,0.324750,0.295992,0.000000
0.187,0.341375,0.324750,0.295992,0.000000
0.188,0.341375,0.324750,0.295992,0.000000
0.189,0.341375,0.324750,0.295992,0.000000
0.190,0.341375,0.324750,0.295992,0.000000
0.191,0.341375,0.324750,0.295992,0.000000
0.192,0.341375,0.324750,0.295992,0.000000
0.193,0.341375,0.324750,0.295992,0.000000
0.194,0.341375,0.324750,0.295992,0.000000
0.195,0.341375,0.324750,0.295992,0.000000
0.196,0.341375,0.324750,0.295992,0.000000
0.197,0.359522,0.324750,0.295992,0.000000
0.198,0.359522,0.324750,0.295992,0.000000
0.199,0.359522,0.324750,0.295992,0.000000
0.200,0.359522,0.326196,0.295992,0.000000
0.201,0.359522,0.326196,0.295992,0.000000
0.202,0.359522,0.326196,0.295992,0.000000
0.203,0.359522,0.326196,0.295992,0.000000
0.204,0.359522,0.326196,0.295992,0.000000
0.205,0.359522,0.326196,0.295992,0.000000
0.206,0.359522,0.326196,0.295992,0.000000
0.207,0.359522,0.326196,0.295992,0.000000
0.208,0.359522,0.326196,0.295992,0.000000
0.209,0.359522,0.326196,0.295992,0.000000
0.210,0.359522,0.326196,0.295992,0.000000
0.211,0.359522,0.326196,0.295992,0.000000
0.212,0.359522,0.326196,0.295992,0.000000
0.213,0.359522,0.326196,0.295992,0.000000
0.214,0.359522,0.326196,0.295992,0.000000
0.215,0.371801,0.329554,0.295992,0.000000
0.216,0.371801,0.329554,0.295992,0.000000
0.217,0.371801,0.329554,0.295992,0.000000
0.218,0.371801,0.329554,0.295992,0.000000
0.219,0.371801,0.329554,0.295992,0.000000
0.220,0.371801,0.329554,0.295992,0.000000
0.221,0.371801,0.329554,0.295992,0.000000
0.222,0.371801,0.329554,0.295992,0.000000
0.223,0.371801,0.329554,0.295992,0.000000
0.224,0.371801,0.329554,0.295992,0.000000
0.225,0.371801,0.329554,0.295992,0.000000
0.226,0.371801,0.329554,0.295992,0.000000
0.227,0.371801,0.329554,0.295992,0.000000
0.228,0.371801,0.329554,0.295992,0.000000
0.229,0.371801,0.331107,0.295992,0.000000
0.230,0.371801,0.331107,0.295992,0.000000
0.231,0.371801,0.331107,0.295992,0.000000
0.232,0.371801,0.331107,0.295992,0.000000
0.233,0.382088,0.331107,0.295992,0.000000
0.234,0.382088,0.331107,0.295992,0.000000
0.235,0.382088,0.331107,0.295992,0.000000
0.236,0.382088,0.331107,0.295992,0.000000
0.237,0.382088,0.331107,0.295992,0.000000
0.238,0.382088,0.331107,0.295992,0.000000
0.239,0.382088,0.331107,0.295992,0.000000
0.240,0.382088,0.331107,0.295992,0.000000
0.241,0.382088,0.331107,0.295992,0.000000
0.242,0.382088,0.331107,0.295992,0.000000
0.243,0.382088,0.334107,0.295992,0.000000
0.244,0.382088,0.334107,0.295992,0.000000
0.245,0.382088,0.334107,0.295992,0.000000
0.246,0.382088,0.334107,0.295992,0.000000
0.247,0.382088,0.334107,0.295992,0.000000
0.248,0.382088,0.334107,0.295992,0.000000
0.249,0.382088,0.334107,0.295992,0.000000
0.250,0.390743,0.334107,0.295992,0.000000
0.251,0.390743,0.334107,0.295992,0.000000
0.252,0.390743,0.334107,0.295992,0.000000
0.253,0.390743,0.334107,0.295992,0.000000
0.254,0.390743,0.334107,0.295992,0.000000
0.255,0.390743,0.334107,0.295992,0.000000
0.256,0.390743,0.334107,0.295992,0.000000
0.257,0.390743,0.334107,0.295992,0.000000
0.258,0.390743,0.336714,0.295992,0.000000
0.259,0.390743,0.336714,0.295992,0.000000
0.260,0.390743,0.336714,0.295992,0.000000
0.261,0.390743,0.336714,0.295992,0.000000
0.262,0.390743,0.336714,0.295992,0.000000
0.263,0.390743,0.336714,0.295992,0.000000
0.264,0.390743,0.336714,0.295992,0.000000
0.265,0.390743,0.336714,0.295992,0.000000
0.266,0.390743,0.336714,0.295992,0.000000
0.267,0.390743,0.336714,0.295992,0.000000
0.268,0.394794,0.336714,0.295992,0.000000
0.269,0.394794,0.336714,0.295992,0.000000
0.270,0.394794,0.336714,0.295992,0.000000
0.271,0.394794,0.336714,0.295992,0.000000
0.272,0.394794,0.338643,0.295992,0.000000
0.273,0.394794,0.338643,0.295992,0.000000
0.274,0.394794,0.338643,0.295992,0.000000
0.275,0.394794,0.338643,0.295992,0.000000
0.276,0.394794,0.338643,0.295992,0.000000
0.277,0.394794,0.338643,0.295992,0.000000
0.278,0.394794,0.338643,0.295992,0.000000
0.279,0.394794,0.338643,0.295992,0.000000
0.280,0.394794,0.338643,0.295992,0.000000
0.281,0.394794,0.338643,0.295992,0.000000
0.282,0.394794,0.338643,0.295992,0.000000
0.283,0.394794,0.338643,0.295992,0.000000
0.284,0.394794,0.338643,0.295992,0.000000
0.285,0.394794,0.338643,0.295992,0.000000
0.286,0.399684,0.338232,0.295992,0.000000
0.287,0.399684,0.338232,0.295992,0.000000
0.288,0.399684,0.338232,0.295992,0.000000
0.289,0.399684,0.338232,0.295992,0.000000
0.290,0.399684,0.338232,0.295992,0.000000
0.291,0.399684,0.338232,0.295992,0.000000
0.292,0.399684,0.338232,0.295992,0.000000
0.293,0.399684,0.338232,0.295992,0.000000
0.294,0.399684,0.338232,0.295992,0.000000
0.295,0.399684,0.338232,0.295992,0.000000
0.296,0.399684,0.338232,0.295992,0.000000
0.297,0.399684,0.338232,0.295992,0.000000
0.298,0.399684,0.338232,0.295992,0.000000
0.299,0.399684,0.338232,0.295992,0.000000
0.300,0.399684,0.336973,0.295992,0.000000
0.301,0.399684,0.336973,0.295992,0.000000
0.302,0.399684,0.336973,0.295992,0.000000
0.303,0.399684,0.336973,0.295992,0.000000
0.304,0.401713,0.336973,0.295992,0.000000
0.305,0.401713,0.336973,0.295992,0.000000
0.306,0.401713,0.336973,0.295992,0.000000
0.307,0.401713,0.336973,0.295992,0.000000
0.308,0.401713,0.336973,0.295992,0.000000
0.309,0.401713,0.336973,0.295992,0.000000
0.310,0.401713,0.336973,0.295992,0.000000
0.311,0.401713,0.336973,0.295992,0.000000
0.312,0.401713,0.336973,0.295992,0.000000
0.313,0.401713,0.336973,0.295992,0.000000
0.314,0.401713,0.336973,0.295992,0.000000
0.315,0.401713,0.337652,0.295992,0.000000
0.316,0.401713,0.337652,0.295992,0.000000
0.317,0.401713,0.337652,0.295992,0.000000
0.318,0.401713,0.337652,0.295992,0.000000
0.319,0.401713,0.337652,0.295992,0.000000
0.320,0.401713,0.337652,0.295992,0.000000
0.321,0.401713,0.337652,0.295992,0.000000
0.322,0.401301,0.337652,0.295992,0.000000
0.323,0.401301,0.337652,0.295992,0.000000
0.324,0.401301,0.337652,0.295992,0.000000
0.325,0.401301,0.337652,0.295992,0.000000
0.326,0.401301,0.337652,0.295992,0.000000
0.327,0.401301,0.337652,0.295992,0.000000
0.328,0.401301,0.337652,0.295992,0.000000
0.329,0.401301,0.337446,0.295992,0.000000
0.330,0.401301,0.337446,0.295992,0.000000
0.331,0.401301,0.337446,0.295992,0.000000
0.332,0.401301,0.337446,0.295992,0.000000
0.333,0.401301,0.337446,0.295992,0.000000
0.334,0.401301,0.337446,0.295992,0.000000
0.335,0.401301,0.337446,0.295992,0.000000
0.336,0.401301,0.337446,0.295992,0.000000
0.337,0.401301,0.337446,0.295992,0.000000
0.338,0.401301,0.337446,0.295992,0.000000
0.339,0.401301,0.337446,0.295992,0.000000
0.340,0.401529,0.337446,0.295992,0.000000
0.341,0.401529,0.337446,0.295992,0.000000
0.342,0.401529,0.337446,0.295992,0.000000
0.343,0.401529,0.336679,0.295992,0.000000
0.344,0.401529,0.336679,0.295992,0.000000
0.345,0.401529,0.336679,0.295992,0.000000
0.346,0.401529,0.336679,0.295992,0.000000
0.347,0.401529,0.336679,0.295992,0.000000
0.348,0.401529,0.336679,0.295992,0.000000
0.349,0.401529,0.336679,0.295992,0.000000
0.350,0.401529,0.336679,0.295992,0.000000
0.351,0.401529,0.336679,0.295992,0.000000
0.352,0.401529,0.336679,0.295992,0.000000
0.353,0.401529,0.336679,0.295992,0.000000
0.354,0.401529,0.336679,0.295992,0.000000
0.355,0.401529,0.336679,0.295992,0.000000
0.356,0.401529,0.336679,0.295992,0.000000
0.357,0.401529,0.336679,0.295992,0.000000
0.358,0.400515,0.337687,0.295992,0.000000
0.359,0.400515,0.337687,0.295992,0.000000
0.360,0.400515,0.337687,0.295992,0.000000
0.361,0.400515,0.337687,0.295992,0.000000
0.362,0.400515,0.337687,0.295992,0.000000
0.363,0.400515,0.337687,0.295992,0.000000
0.364,0.400515,0.337687,0.295992,0.000000
0.365,0.400515,0.337687,0.295992,0.000000
0.366,0.400515,0.337687,0.295992,0.000000
0.367,0.400515,0.337687,0.295992,0.000000
0.368,0.400515,0.337687,0.295992,0.000000
0.369,0.400515,0.337687,0.295992,0.000000
0.370,0.400515,0.337687,0.295992,0.000000
0.371,0.400515,0.337687,0.295992,0.000000
0.372,0.400515,0.336911,0.295992,0.000000
0.373,0.400515,0.336911,0.295992,0.000000
0.374,0.400515,0.336911,0.295992,0.000000
0.375,0.398618,0.336911,0.295992,0.000000
0.376,0.398618,0.336911,0.295992,0.000000
0.377,0.398618,0.336911,0.295992,0.000000
0.378,0.398618,0.336911,0.295992,0.000000
0.379,0.398618,0.336911,0.295992,0.000000
0.380,0.398618,0.336911,0.295992,0.000000
0.381,0.398618,0.336911,0.295992,0.000000
0.382,0.398618,0.336911,0.295992,0.000000
0.383,0.398618,0.336911,0.295992,0.000000
0.384,0.398618,0.336911,0.295992,0.000000
0.385,0.398618,0.336911,0.295992,0.000000
0.386,0.398618,0.335134,0.295992,0.000000
0.387,0.398618,0.335134,0.295992,0.000000
0.388,0.398618,0.335134,0.295992,0.000000
0.389,0.398618,0.335134,0.295992,0.000000
0.390,0.398618,0.335134,0.295992,0.000000
0.391,0.398618,0.335134,0.295992,0.000000
0.392,0.398618,0.335134,0.295992,0.000000
0.393,0.398169,0.335134,0.295992,0.000000
0.394,0.398169,0.335134,0.295992,0.000000
0.395,0.398169,0.335134,0.295992,0.000000
0.396,0.398169,0.335134,0.295992,0.000000
0.397,0.398169,0.335134,0.295992,0.000000
0.398,0.398169,0.335134,0.295992,0.000000
0.399,0.398169,0.335134,0.295992,0.000000
0.400,0.398169,0.337161,0.295992,0.000000
0.401,0.398169,0.337161,0.295992,0.000000
0.402,0.398169,0.337161,0.295992,0.000000
0.403,0.398169,0.337161,0.295992,0.000000
0.404,0.398169,0.337161,0.295992,0.000000
0.405,0.398169,0.337161,0.295992,0.000000
0.406,0.398169,0.337161,0.295992,0.000000
0.407,0.398169,0.337161,0.295992,0.000000
0.408,0.398169,0.337161,0.295992,0.000000
0.409,0.398169,0.337161,0.295992,0.000000
0.410,0.398169,0.337161,0.295992,0.000000
0.411,0.397765,0.337161,0.295992,0.000000
0.412,0.397765,0.337161,0.295992,0.000000
0.413,0.397765,0.337161,0.295992,0.000000
0.414,0.397765,0.337161,0.295992,0.000000
0.415,0.397765,0.339946,0.295992,0.000000
0.416,0.397765,0.339946,0.295992,0.000000
0.417,0.397765,0.339946,0.295992,0.000000
0.418,0.397765,0.339946,0.295992,0.000000
0.419,0.397765,0.339946,0.295992,0.000000
0.420,0.397765,0.339946,0.295992,0.000000
0.421,0.397765,0.339946,0.295992,0.000000
0.422,0.397765,0.339946,0.295992,0.000000
0.423,0.397765,0.339946,0.295992,0.000000
0.424,0.397765,0.339946,0.295992,0.000000
0.425,0.397765,0.339946,0.295992,0.000000
0.426,0.397765,0.339946,0.295992,0.000000
0.427,0.397765,0.339946,0.295992,0.000000
0.428,0.397765,0.339946,0.295992,0.000000
0.429,0.398890,0.341571,0.295992,0.000000
0.430,0.398890,0.341571,0.295992,0.000000
0.431,0.398890,0.341571,0.295992,0.000000
0.432,0.398890,0.341571,0.295992,0.000000
0.433,0.398890,0.341571,0.295992,0.000000
0.434,0.398890,0.341571,0.295992,0.000000
0.435,0.398890,0.341571,0.295992,0.000000
0.436,0.398890,0.341571,0.295992,0.000000
0.437,0.398890,0.341571,0.295992,0.000000
0.438,0.398890,0.341571,0.295992,0.000000
0.439,0.398890,0.341571,0.295992,0.000000
0.440,0.398890,0.341571,0.295992,0.000000
0.441,0.398890,0.341571,0.295992,0.000000
0.442,0.398890,0.341571,0.295992,0.000000
0.443,0.398890,0.341152,0.295992,0.000000
0.444,0.398890,0.341152,0.295992,0.000000
0.445,0.398890,0.341152,0.295992,0.000000
0.446,0.398890,0.341152,0.295992,0.000000
0.447,0.398015,0.341152,0.295992,0.000000
0.448,0.398015,0.341152,0.295992,0.000000
0.449,0.398015,0.341152,0.295992,0.000000
0.450,0.398015,0.341152,0.295992,0.000000
0.451,0.398015,0.341152,0.295992,0.000000
0.452,0.398015,0.341152,0.295992,0.000000
0.453,0.398015,0.341152,0.295992,0.000000
0.454,0.398015,0.341152,0.295992,0.000000
0.455,0.398015,0.341152,0.295992,0.000000
0.456,0.398015,0.341152,0.295992,0.000000
0.457,0.398015,0.341152,0.295992,0.000000
0.458,0.398015,0.338705,0.295992,0.000000
0.459,0.398015,0.338705,0.295992,0.000000
0.460,0.398015,0.338705,0.295992,0.000000
0.461,0.398015,0.338705,0.295992,0.000000
0.462,0.398015,0.338705,0.295992,0.000000
0.463,0.398015,0.338705,0.295992,0.000000
0.464,0.398015,0.338705,0.295992,0.000000
0.465,0.399816,0.338705,0.295992,0.000000
0.466,0.399816,0.338705,0.295992,0.000000
0.467,0.399816,0.338705,0.295992,0.000000
0.468,0.399816,0.338705,0.295992,0.000000
0.469,0.399816,0.338705,0.295992,0.000000
0.470,0.399816,0.338705,0.295992,0.000000
0.471,0.399816,0.338705,0.295992,0.000000
0.472,0.399816,0.335679,0.295992,0.000000
0.473,0.399816,0.335679,0.295992,0.000000
0.474,0.399816,0.335679,0.295992,0.000000
0.475,0.399816,0.335679,0.295992,0.000000
0.476,0.399816,0.335679,0.295992,0.000000
0.477,0.399816,0.335679,0.295992,0.000000
0.478,0.399816,0.335679,0.295992,0.000000
0.479,0.399816,0.335679,0.295992,0.000000
0.480,0.399816,0.335679,0.295992,0.000000
0.481,0.399816,0.335679,0.295992,0.000000
0.482,0.399816,0.335679,0.295992,0.000000
0.483,0.399169,0.335679,0.295992,0.000000
0.484,0.399169,0.335679,0.295992,0.000000
0.485,0.399169,0.335679,0.295992,0.000000
0.486,0.399169,0.335705,0.295992,0.000000
0.487,0.399169,0.335705,0.295992,0.000000
0.488,0.399169,0.335705,0.295992,0.000000
0.489,0.399169,0.335705,0.295992,0.000000
0.490,0.399169,0.335705,0.295992,0.000000
0.491,0.399169,0.335705,0.295992,0.000000
0.492,0.399169,0.335705,0.295992,0.000000
0.493,0.399169,0.335705,0.295992,0.000000
0.494,0.399169,0.335705,0.295992,0.000000
0.495,0.399169,0.335705,0.295992,0.000000
0.496,0.399169,0.335705,0.295992,0.000000
0.497,0.399169,0.335705,0.295992,0.000000
0.498,0.399169,0.335705,0.295992,0.000000
0.499,0.399169,0.335705,0.295992,0.000000
0.500,0.402191,0.334589,0.295992,0.000000
0.501,0.402191,0.334589,0.295992,0.000000
0.502,0.402191,0.334589,0.295992,0.000000
0.503,0.402191,0.334589,0.295992,0.000000
0.504,0.402191,0.334589,0.295992,0.000000
0.505,0.402191,0.334589,0.295992,0.000000
0.506,0.402191,0.334589,0.295992,0.000000
0.507,0.402191,0.334589,0.295992,0.000000
0.508,0.402191,0.334589,0.295992,0.000000
0.509,0.402191,0.334589,0.295992,0.000000
0.510,0.402191,0.334589,0.295992,0.000000
0.511,0.402191,0.334589,0.295992,0.000000
0.512,0.402191,0.334589,0.295992,0.000000
0.513,0.402191,0.334589,0.295992,0.000000
0.514,0.402191,0.334589,0.295992,0.000000
0.515,0.402191,0.336339,0.295992,0.000000
0.516,0.402191,0.336339,0.295992,0.000000
0.517,0.402191,0.336339,0.295992,0.000000
0.518,0.401000,0.336339,0.295992,0.000000
0.519,0.401000,0.336339,0.295992,0.000000
0.520,0.401000,0.336339,0.295992,0.000000
0.521,0.401000,0.336339,0.295992,0.000000
0.522,0.401000,0.336339,0.295992,0.000000
0.523,0.401000,0.336339,0.295992,0.000000
0.524,0.401000,0.336339,0.295992,0.000000
0.525,0.401000,0.336339,0.295992,0.000000
0.526,0.401000,0.336339,0.295992,0.000000
0.527,0.401000,0.336339,0.295992,0.000000
0.528,0.401000,0.336339,0.295992,0.000000
0.529,0.401000,0.334768,0.295992,0.000000
0.530,0.401000,0.334768,0.295992,0.000000
0.531,0.401000,0.334768,0.295992,0.000000
0.532,0.401000,0.334768,0.295992,0.000000
0.533,0.401000,0.334768,0.295992,0.000000
0.534,0.401000,0.334768,0.295992,0.000000
0.535,0.401000,0.334768,0.295992,0.000000
0.536,0.400287,0.334768,0.295992,0.000000
0.537,0.400287,0.334768,0.295992,0.000000
0.538,0.400287,0.334768,0.295992,0.000000
0.539,0.400287,0.334768,0.295992,0.000000
0.540,0.400287,0.334768,0.295992,0.000000
0.541,0.400287,0.334768,0.295992,0.000000
0.542,0.400287,0.334768,0.295992,0.000000
0.543,0.400287,0.335652,0.295992,0.000000
0.544,0.400287,0.335652,0.295992,0.000000
0.545,0.400287,0.335652,0.295992,0.000000
0.546,0.400287,0.335652,0.295992,0.000000
0.547,0.400287,0.335652,0.295992,0.000000
0.548,0.400287,0.335652,0.295992,0.000000
0.549,0.400287,0.335652,0.295992,0.000000
0.550,0.400287,0.335652,0.295992,0.000000
0.551,0.400287,0.335652,0.295992,0.000000
0.552,0.400287,0.335652,0.295992,0.000000
0.553,0.400287,0.335652,0.295992,0.000000
0.554,0.399125,0.335652,0.295992,0.000000
0.555,0.399125,0.335652,0.295992,0.000000
0.556,0.399125,0.335652,0.295992,0.000000
0.557,0.399125,0.335652,0.295992,0.000000
0.558,0.399125,0.336857,0.295992,0.000000
0.559,0.399125,0.336857,0.295992,0.000000
0.560,0.399125,0.336857,0.295992,0.000000
0.561,0.399125,0.336857,0.295992,0.000000
0.562,0.399125,0.336857,0.295992,0.000000
0.563,0.399125,0.336857,0.295992,0.000000
0.564,0.399125,0.336857,0.295992,0.000000
0.565,0.399125,0.336857,0.295992,0.000000
0.566,0.399125,0.336857,0.295992,0.000000
0.567,0.399125,0.336857,0.295992,0.000000
0.568,0.399125,0.336857,0.295992,0.000000
0.569,0.399125,0.336857,0.295992,0.000000
0.570,0.399125,0.336857,0.295992,0.000000
0.571,0.399125,0.336857,0.295992,0.000000
0.572,0.398691,0.335411,0.295992,0.000000
0.573,0.398691,0.335411,0.295992,0.000000
0.574,0.398691,0.335411,0.295992,0.000000
0.575,0.398691,0.335411,0.295992,0.000000
0.576,0.398691,0.335411,0.295992,0.000000
0.577,0.398691,0.335411,0.295992,0.000000
0.578,0.398691,0.335411,0.295992,0.000000
0.579,0.398691,0.335411,0.295992,0.000000
0.580,0.398691,0.335411,0.295992,0.000000
0.581,0.398691,0.335411,0.295992,0.000000
0.582,0.398691,0.335411,0.295992,0.000000
0.583,0.398691,0.335411,0.295992,0.000000
0.584,0.398691,0.335411,0.295992,0.000000
0.585,0.398691,0.335411,0.295992,0.000000
0.586,0.398691,0.336634,0.295992,0.000000
0.587,0.398691,0.336634,0.295992,0.000000
0.588,0.398691,0.336634,0.295992,0.000000
0.589,0.398691,0.336634,0.295992,0.000000
0.590,0.398684,0.336634,0.295992,0.000000
0.591,0.398684,0.336634,0.295992,0.000000
0.592,0.398684,0.336634,0.295992,0.000000
0.593,0.398684,0.336634,0.295992,0.000000
0.594,0.398684,0.336634,0.295992,0.000000
0.595,0.398684,0.336634,0.295992,0.000000
0.596,0.398684,0.336634,0.295992,0.000000
0.597,0.398684,0.336634,0.295992,0.000000
0.598,0.398684,0.336634,0.295992,0.000000
0.599,0.398684,0.336634,0.295992,0.000000
0.600,0.398684,0.337268,0.295992,0.000000
0.601,0.398684,0.337268,0.295992,0.000000
0.602,0.398684,0.337268,0.295992,0.000000
0.603,0.398684,0.337268,0.295992,0.000000
0.604,0.398684,0.337268,0.295992,0.000000
0.605,0.398684,0.337268,0.295992,0.000000
0.606,0.398684,0.337268,0.295992,0.000000
0.607,0.398684,0.337268,0.295992,0.000000
0.608,0.399243,0.337268,0.295992,0.000000
0.609,0.399243,0.337268,0.295992,0.000000
0.610,0.399243,0.337268,0.295992,0.000000
0.611,0.399243,0.337268,0.295992,0.000000
0.612,0.399243,0.337268,0.295992,0.000000
0.613,0.399243,0.337268,0.295992,0.000000
0.614,0.399243,0.337268,0.295992,0.000000
0.615,0.399243,0.339000,0.295992,0.000000
0.616,0.399243,0.339000,0.295992,0.000000
0.617,0.399243,0.339000,0.295992,0.000000
0.618,0.399243,0.339000,0.295992,0.000000
0.619,0.399243,0.339000,0.295992,0.000000
0.620,0.399243,0.339000,0.295992,0.000000
0.621,0.399243,0.339000,0.295992,0.000000
0.622,0.399243,0.339000,0.295992,0.000000
0.623,0.399243,0.339000,0.295992,0.000000
0.624,0.399243,0.339000,0.295992,0.000000
0.625,0.398897,0.339000,0.295992,0.000000
0.626,0.398897,0.339000,0.295992,0.000000
0.627,0.398897,0.339000,0.295992,0.000000
0.628,0.398897,0.339000,0.295992,0.000000
0.629,0.398897,0.340223,0.295992,0.000000
0.630,0.398897,0.340223,0.295992,0.000000
0.631,0.398897,0.340223,0.295992,0.000000
0.632,0.398897,0.340223,0.295992,0.000000
0.633,0.398897,0.340223,0.295992,0.000000
0.634,0.398897,0.340223,0.295992,0.000000
0.635,0.398897,0.340223,0.295992,0.000000
0.636,0.398897,0.340223,0.295992,0.000000
0.637,0.398897,0.340223,0.295992,0.000000
0.638,0.398897,0.340223,0.295992,0.000000
0.639,0.398897,0.340223,0.295992,0.000000
0.640,0.398897,0.340223,0.295992,0.000000
0.641,0.398897,0.340223,0.295992,0.000000
0.642,0.398897,0.340223,0.295992,0.000000
0.643,0.398000,0.340161,0.295992,0.000000
0.644,0.398000,0.340161,0.295992,0.000000
0.645,0.398000,0.340161,0.295992,0.000000
0.646,0.398000,0.340161,0.295992,0.000000
0.647,0.398000,0.340161,0.295992,0.000000
0.648,0.398000,0.340161,0.295992,0.000000
0.649,0.398000,0.340161,0.295992,0.000000
0.650,0.398000,0.340161,0.295992,0.000000
0.651,0.398000,0.340161,0.295992,0.000000
0.652,0.398000,0.340161,0.295992,0.000000
0.653,0.398000,0.340161,0.295992,0.000000
0.654,0.398000,0.340161,0.295992,0.000000
0.655,0.398000,0.340161,0.295992,0.000000
0.656,0.398000,0.340161,0.295992,0.000000
0.657,0.398000,0.340161,0.295992,0.000000
0.658,0.398000,0.338482,0.295992,0.000000
0.659,0.398000,0.338482,0.295992,0.000000
0.660,0.398000,0.338482,0.295992,0.000000
0.661,0.397397,0.338482,0.295992,0.000000
0.662,0.397397,0.338482,0.295992,0.000000
0.663,0.397397,0.338482,0.295992,0.000000
0.664,0.397397,0.338482,0.295992,0.000000
0.665,0.397397,0.338482,0.295992,0.000000
0.666,0.397397,0.338482,0.295992,0.000000
0.667,0.397397,0.338482,0.295992,0.000000
0.668,0.397397,0.338482,0.295992,0.000000
0.669,0.397397,0.338482,0.295992,0.000000
0.670,0.397397,0.338482,0.295992,0.000000
0.671,0.397397,0.338482,0.295992,0.000000
0.672,0.397397,0.334009,0.295992,0.000000
0.673,0.397397,0.334009,0.295992,0.000000
0.674,0.397397,0.334009,0.295992,0.000000
0.675,0.397397,0.334009,0.295992,0.000000
0.676,0.397397,0.334009,0.295992,0.000000
0.677,0.397397,0.334009,0.295992,0.000000
0.678,0.397397,0.334009,0.295992,0.000000
0.679,0.393875,0.334009,0.295992,0.000000
0.680,0.393875,0.334009,0.295992,0.000000
0.681,0.393875,0.334009,0.295992,0.000000
0.682,0.393875,0.334009,0.295992,0.000000
0.683,0.393875,0.334009,0.295992,0.000000
0.684,0.393875,0.334009,0.295992,0.000000
0.685,0.393875,0.334009,0.295992,0.000000
0.686,0.393875,0.331714,0.295992,0.000000
0.687,0.393875,0.331714,0.295992,0.000000
0.688,0.393875,0.331714,0.295992,0.000000
0.689,0.393875,0.331714,0.295992,0.000000
0.690,0.393875,0.331714,0.295992,0.000000
0.691,0.393875,0.331714,0.295992,0.000000
0.692,0.393875,0.331714,0.295992,0.000000
0.693,0.393875,0.331714,0.295992,0.000000
0.694,0.393875,0.331714,0.295992,0.000000
0.695,0.393875,0.331714,0.295992,0.000000
0.696,0.393875,0.331714,0.295992,0.000000
0.697,0.390147,0.331714,0.295992,0.000000
0.698,0.390147,0.331714,0.295992,0.000000
0.699,0.390147,0.331714,0.295992,0.000000
0.700,0.390147,0.333509,0.295992,0.000000
0.701,0.390147,0.333509,0.295992,0.000000
0.702,0.390147,0.333509,0.295992,0.000000
0.703,0.390147,0.333509,0.295992,0.000000
0.704,0.390147,0.333509,0.295992,0.000000
0.705,0.390147,0.333509,0.295992,0.000000
0.706,0.390147,0.333509,0.295992,0.000000
0.707,0.390147,0.333509,0.295992,0.000000
0.708,0.390147,0.333509,0.295992,0.000000
0.709,0.390147,0.333509,0.295992,0.000000
0.710,0.390147,0.333509,0.295992,0.000000
0.711,0.390147,0.333509,0.295992,0.000000
0.712,0.390147,0.333509,0.295992,0.000000
0.713,0.390147,0.333509,0.295992,0.000000
0.714,0.390147,0.333509,0.295992,0.000000
0.715,0.388537,0.335036,0.295992,0.000000
0.716,0.388537,0.335036,0.295992,0.000000
0.717,0.388537,0.335036,0.295992,0.000000
0.718,0.388537,0.335036,0.295992,0.000000
0.719,0.388537,0.335036,0.295992,0.000000
0.720,0.388537,0.335036,0.295992,0.000000
0.721,0.388537,0.335036,0.295992,0.000000
0.722,0.388537,0.335036,0.295992,0.000000
0.723,0.388537,0.335036,0.295992,0.000000
0.724,0.388537,0.335036,0.295992,0.000000
0.725,0.388537,0.335036,0.295992,0.000000
0.726,0.388537,0.335036,0.295992,0.000000
0.727,0.388537,0.335036,0.295992,0.000000
0.728,0.388537,0.335036,0.295992,0.000000
0.729,0.388537,0.335589,0.295992,0.000000
0.730,0.388537,0.335589,0.295992,0.000000
0.731,0.388537,0.335589,0.295992,0.000000
0.732,0.388537,0.335589,0.295992,0.000000
0.733,0.382919,0.335589,0.295992,0.000000
0.734,0.382919,0.335589,0.295992,0.000000
0.735,0.382919,0.335589,0.295992,0.000000
0.736,0.382919,0.335589,0.295992,0.000000
0.737,0.382919,0.335589,0.295992,0.000000
0.738,0.382919,0.335589,0.295992,0.000000
0.739,0.382919,0.335589,0.295992,0.000000
0.740,0.382919,0.335589,0.295992,0.000000
0.741,0.382919,0.335589,0.295992,0.000000
0.742,0.382919,0.335589,0.295992,0.000000
0.743,0.382919,0.337384,0.295992,0.000000
0.744,0.382919,0.337384,0.295992,0.000000
0.745,0.382919,0.337384,0.295992,0.000000
0.746,0.382919,0.337384,0.295992,0.000000
0.747,0.382919,0.337384,0.295992,0.000000
0.748,0.382919,0.337384,0.295992,0.000000
0.749,0.382919,0.337384,0.295992,0.000000
0.750,0.377529,0.337384,0.295992,0.000000
0.751,0.377529,0.337384,0.295992,0.000000
0.752,0.377529,0.337384,0.295992,0.000000
0.753,0.377529,0.337384,0.295992,0.000000
0.754,0.377529,0.337384,0.295992,0.000000
0.755,0.377529,0.337384,0.295992,0.000000
0.756,0.377529,0.337384,0.295992,0.000000
0.757,0.377529,0.337384,0.295992,0.000000
0.758,0.377529,0.339009,0.295992,0.000000
0.759,0.377529,0.339009,0.295992,0.000000
0.760,0.377529,0.339009,0.295992,0.000000
0.761,0.377529,0.339009,0.295992,0.000000
0.762,0.377529,0.339009,0.295992,0.000000
0.763,0.377529,0.339009,0.295992,0.000000
0.764,0.377529,0.339009,0.295992,0.000000
0.765,0.377529,0.339009,0.295992,0.000000
0.766,0.377529,0.339009,0.295992,0.000000
0.767,0.377529,0.339009,0.295992,0.000000
0.768,0.370831,0.339009,0.295992,0.000000
0.769,0.370831,0.339009,0.295992,0.000000
0.770,0.370831,0.339009,0.295992,0.000000
0.771,0.370831,0.339009,0.295992,0.000000
0.772,0.370831,0.336366,0.295992,0.000000
0.773,0.370831,0.336366,0.295992,0.000000
0.774,0.370831,0.336366,0.295992,0.000000
0.775,0.370831,0.336366,0.295992,0.000000
0.776,0.370831,0.336366,0.295992,0.000000
0.777,0.370831,0.336366,0.295992,0.000000
0.778,0.370831,0.336366,0.295992,0.000000
0.779,0.370831,0.336366,0.295992,0.000000
0.780,0.370831,0.336366,0.295992,0.000000
0.781,0.370831,0.336366,0.295992,0.000000
0.782,0.370831,0.336366,0.295992,0.000000
0.783,0.370831,0.336366,0.295992,0.000000
0.784,0.370831,0.336366,0.295992,0.000000
0.785,0.370831,0.336366,0.295992,0.000000
0.786,0.359368,0.333554,0.295992,0.000000
0.787,0.359368,0.333554,0.295992,0.000000
0.788,0.359368,0.333554,0.295992,0.000000
0.789,0.359368,0.333554,0.295992,0.000000
0.790,0.359368,0.333554,0.295992,0.000000
0.791,0.359368,0.333554,0.295992,0.000000
0.792,0.359368,0.333554,0.295992,0.000000
0.793,0.359368,0.333554,0.295992,0.000000
0.794,0.359368,0.333554,0.295992,0.000000
0.795,0.359368,0.333554,0.295992,0.000000
0.796,0.359368,0.333554,0.295992,0.000000
0.797,0.359368,0.333554,0.295992,0.000000
0.798,0.359368,0.333554,0.295992,0.000000
0.799,0.359368,0.333554,0.295992,0.000000
0.800,0.359368,0.330018,0.295992,0.000000
0.801,0.359368,0.330018,0.295992,0.000000
0.802,0.359368,0.330018,0.295992,0.000000
0.803,0.359368,0.330018,0.295992,0.000000
0.804,0.345566,0.330018,0.295992,0.000000
0.805,0.345566,0.330018,0.295992,0.000000
0.806,0.345566,0.330018,0.295992,0.000000
0.807,0.345566,0.330018,0.295992,0.000000
0.808,0.345566,0.330018,0.295992,0.000000
0.809,0.345566,0.330018,0.295992,0.000000
0.810,0.345566,0.330018,0.295992,0.000000
0.811,0.345566,0.330018,0.295992,0.000000
0.812,0.345566,0.330018,0.295992,0.000000
0.813,0.345566,0.330018,0.295992,0.000000
0.814,0.345566,0.330018,0.295992,0.000000
0.815,0.345566,0.331339,0.295992,0.000000
0.816,0.345566,0.331339,0.295992,0.000000
0.817,0.345566,0.331339,0.295992,0.000000
0.818,0.345566,0.331339,0.295992,0.000000
0.819,0.345566,0.331339,0.295992,0.000000
0.820,0.345566,0.331339,0.295992,0.000000
0.821,0.345566,0.331339,0.295992,0.000000
0.822,0.323772,0.331339,0.295992,0.000000
0.823,0.323772,0.331339,0.295992,0.000000
0.824,0.323772,0.331339,0.295992,0.000000
0.825,0.323772,0.331339,0.295992,0.000000
0.826,0.323772,0.331339,0.295992,0.000000
0.827,0.323772,0.331339,0.295992,0.000000
0.828,0.323772,0.331339,0.295992,0.000000
0.829,0.323772,0.326455,0.295992,0.000000
0.830,0.323772,0.326455,0.295992,0.000000
0.831,0.323772,0.326455,0.295992,0.000000
0.832,0.323772,0.326455,0.295992,0.000000
0.833,0.323772,0.326455,0.295992,0.000000
0.834,0.323772,0.326455,0.295992,0.000000
0.835,0.323772,0.326455,0.295992,0.000000
0.836,0.323772,0.326455,0.295992,0.000000
0.837,0.323772,0.326455,0.295992,0.000000
0.838,0.323772,0.326455,0.295992,0.000000
0.839,0.323772,0.326455,0.295992,0.000000
0.840,0.290588,0.326455,0.295992,0.000000
0.841,0.290588,0.326455,0.295992,0.000000
0.842,0.290588,0.326455,0.295992,0.000000
0.843,0.290588,0.320036,0.295992,0.000000
0.844,0.290588,0.320036,0.295992,0.000000
0.845,0.290588,0.320036,0.295992,0.000000
0.846,0.290588,0.320036,0.295992,0.000000
0.847,0.290588,0.320036,0.295992,0.000000
0.848,0.290588,0.320036,0.295992,0.000000
0.849,0.290588,0.320036,0.295992,0.000000
0.850,0.290588,0.320036,0.295992,0.000000
0.851,0.290588,0.320036,0.295992,0.000000
0.852,0.290588,0.320036,0.295992,0.000000
0.853,0.290588,0.320036,0.295992,0.000000
0.854,0.290588,0.320036,0.295992,0.000000
0.855,0.290588,0.320036,0.295992,0.000000
0.856,0.290588,0.320036,0.295992,0.000000
0.857,0.290588,0.320036,0.295992,0.000000
0.858,0.247809,0.308259,0.295992,0.000000
0.859,0.247809,0.308259,0.295992,0.000000
0.860,0.247809,0.308259,0.295992,0.000000
0.861,0.247809,0.308259,0.295992,0.000000
0.862,0.247809,0.308259,0.295992,0.000000
0.863,0.247809,0.308259,0.295992,0.000000
0.864,0.247809,0.308259,0.295992,0.000000
0.865,0.247809,0.308259,0.295992,0.000000
0.866,0.247809,0.308259,0.295992,0.000000
0.867,0.247809,0.308259,0.295992,0.000000
0.868,0.247809,0.308259,0.295992,0.000000
0.869,0.247809,0.308259,0.295992,0.000000
0.870,0.247809,0.308259,0.295992,0.000000
0.871,0.247809,0.308259,0.295992,0.000000
0.872,0.247809,0.294527,0.295992,0.000000
0.873,0.247809,0.294527,0.295992,0.000000
0.874,0.247809,0.294527,0.295992,0.000000
0.875,0.188022,0.294527,0.295992,0.000000
0.876,0.188022,0.294527,0.295992,0.000000
0.877,0.188022,0.294527,0.295992,0.000000
0.878,0.188022,0.294527,0.295992,0.000000
0.879,0.188022,0.294527,0.295992,0.000000
0.880,0.188022,0.294527,0.295992,0.000000
0.881,0.188022,0.294527,0.295992,0.000000
0.882,0.188022,0.294527,0.295992,0.000000
0.883,0.188022,0.294527,0.295992,0.000000
0.884,0.188022,0.294527,0.295992,0.000000
0.885,0.188022,0.294527,0.295992,0.000000
0.886,0.188022,0.277527,0.295992,0.000000
0.887,0.188022,0.277527,0.295992,0.000000
0.888,0.188022,0.277527,0.295992,0.000000
0.889,0.188022,0.277527,0.295992,0.000000
0.890,0.188022,0.277527,0.295992,0.000000
0.891,0.188022,0.277527,0.295992,0.000000
0.892,0.188022,0.277527,0.295992,0.000000
0.893,0.128956,0.277527,0.295992,0.000000
0.894,0.128956,0.277527,0.295992,0.000000
0.895,0.128956,0.277527,0.295992,0.000000
0.896,0.128956,0.277527,0.295992,0.000000
0.897,0.128956,0.277527,0.295992,0.000000
0.898,0.128956,0.277527,0.295992,0.000000
0.899,0.128956,0.277527,0.295992,0.000000
0.900,0.128956,0.254598,0.295992,0.000000
0.901,0.128956,0.254598,0.295992,0.000000
0.902,0.128956,0.254598,0.295992,0.000000
0.903,0.128956,0.254598,0.295992,0.000000
0.904,0.128956,0.254598,0.295992,0.000000
0.905,0.128956,0.254598,0.295992,0.000000
0.906,0.128956,0.254598,0.295992,0.000000
0.907,0.128956,0.254598,0.295992,0.000000
0.908,0.128956,0.254598,0.295992,0.000000
0.909,0.128956,0.254598,0.295992,0.000000
0.910,0.128956,0.254598,0.295992,0.000000
0.911,0.066324,0.254598,0.295992,0.000000
0.912,0.066324,0.254598,0.295992,0.000000
0.913,0.066324,0.254598,0.295992,0.000000
0.914,0.066324,0.254598,0.295992,0.000000
0.915,0.066324,0.221232,0.295992,0.000000
0.916,0.066324,0.221232,0.295992,0.000000
0.917,0.066324,0.221232,0.295992,0.000000
0.918,0.066324,0.221232,0.295992,0.000000
0.919,0.066324,0.221232,0.295992,0.000000
0.920,0.066324,0.221232,0.295992,0.000000
0.921,0.066324,0.221232,0.295992,0.000000
0.922,0.066324,0.221232,0.295992,0.000000
0.923,0.066324,0.221232,0.295992,0.000000
0.924,0.066324,0.221232,0.295992,0.000000
0.925,0.066324,0.221232,0.295992,0.000000
0.926,0.066324,0.221232,0.295992,0.000000
0.927,0.066324,0.221232,0.295992,0.000000
0.928,0.066324,0.221232,0.295992,0.000000
0.929,0.015971,0.166152,0.295992,0.000000
0.930,0.015971,0.166152,0.295992,0.000000
0.931,0.015971,0.166152,0.295992,0.000000
0.932,0.015971,0.166152,0.295992,0.000000
0.933,0.015971,0.166152,0.295992,0.000000
0.934,0.015971,0.166152,0.295992,0.000000
0.935,0.015971,0.166152,0.295992,0.000000
0.936,0.015971,0.166152,0.295992,0.000000
0.937,0.015971,0.166152,0.295992,0.000000
0.938,0.015971,0.166152,0.295992,0.000000
0.939,0.015971,0.166152,0.295992,0.000000
0.940,0.015971,0.166152,0.295992,0.000000
0.941,0.015971,0.166152,0.295992,0.000000
0.942,0.015971,0.166152,0.295992,0.000000
0.943,0.015971,0.113429,0.295992,0.000000
0.944,0.015971,0.113429,0.295992,0.000000
0.945,0.015971,0.113429,0.295992,0.000000
0.946,0.015971,0.113429,0.295992,0.000000
0.947,0.000000,0.113429,0.295992,0.000000
0.948,0.000000,0.113429,0.295992,0.000000
0.949,0.000000,0.113429,0.295992,0.000000
0.950,0.000000,0.113429,0.295992,0.000000
0.951,0.000000,0.113429,0.295992,0.000000
0.952,0.000000,0.113429,0.295992,0.000000
0.953,0.000000,0.113429,0.295992,0.000000
0.954,0.000000,0.113429,0.295992,0.000000
0.955,0.000000,0.113429,0.295992,0.000000
0.956,0.000000,0.113429,0.295992,0.000000
0.957,0.000000,0.113429,0.295992,0.000000
0.958,0.000000,0.078670,0.295992,0.000000
0.959,0.000000,0.078670,0.295992,0.000000
0.960,0.000000,0.078670,0.295992,0.000000
0.961,0.000000,0.078670,0.295992,0.000000
0.962,0.000000,0.078670,0.295992,0.000000
0.963,0.000000,0.078670,0.295992,0.000000
0.964,0.000000,0.078670,0.295992,0.000000
0.965,0.000000,0.078670,0.295992,0.000000
0.966,0.000000,0.078670,0.295992,0.000000
0.967,0.000000,0.078670,0.295992,0.000000
0.968,0.000000,0.078670,0.295992,0.000000
0.969,0.000000,0.078670,0.295992,0.000000
0.970,0.000000,0.078670,0.295992,0.000000
0.971,0.000000,0.078670,0.295992,0.000000
0.972,0.000000,0.058446,0.295992,0.000000
0.973,0.000000,0.058446,0.295992,0.000000
0.974,0.000000,0.058446,0.295992,0.000000
0.975,0.000000,0.058446,0.295992,0.000000
0.976,0.000000,0.058446,0.295992,0.000000
0.977,0.000000,0.058446,0.295992,0.000000
0.978,0.000000,0.058446,0.295992,0.000000
0.979,0.000000,0.058446,0.295992,0.000000
0.980,0.000000,0.058446,0.295992,0.000000
0.981,0.000000,0.058446,0.295992,0.000000
0.982,0.000000,0.058446,0.295992,0.000000
0.983,0.000000,0.058446,0.295992,0.000000
0.984,0.000000,0.058446,0.295992,0.000000
0.985,0.000000,0.058446,0.295992,0.000000
0.986,0.000000,0.000000,0.295992,0.505179
0.987,0.000000,0.000000,0.295992,0.505179
0.988,0.000000,0.000000,0.295992,0.505179
0.989,0.000000,0.000000,0.295992,0.505179
0.990,0.000000,0.000000,0.295992,0.505179
0.991,0.000000,0.000000,0.295992,0.505179
0.992,0.000000,0.000000,0.295992,0.505179
0.993,0.000000,0.000000,0.295992,0.505179
0.994,0.000000,0.000000,0.295992,0.505179
0.995,0.000000,0.000000,0.295992,0.505179
0.996,0.000000,0.000000,0.295992,0.505179
0.997,0.000000,0.000000,0.295992,0.505179
0.998,0.000000,0.000000,0.295992,0.505179
0.999,0.000000,0.000000,0.295992,0.505179
